id,name,skills
1,Shannon Carter,Skill 67
2,Joseph Marshall,Skill 65
3,Michael Brown,"Skill 3, Skill 58, Skill 47, Skill 19"
4,Joel Griffin,"Skill 1, Skill 89"
5,Austin Brown,"Skill 97, Skill 33, Skill 18"
6,Robin Martin,"Skill 2, Skill 20, Skill 67"
7,Anita Henry,Skill 83
8,Vincent Bryant,"Skill 93, Skill 81"
9,Adam Nielsen,Skill 40
10,Barbara Stanley,"Skill 74, Skill 83, Skill 4"
11,Andrew Obrien,Skill 74
12,Daniel Singh,"Skill 9, Skill 68, Skill 99"
13,Kimberly Jones,Skill 28
14,Donna Rodriguez,"Skill 69, Skill 58, Skill 70, Skill 45, Skill 88, Skill 11"
15,Alexandra Thomas,"Skill 58, Skill 90, Skill 44"
16,James Weaver,"Skill 38, Skill 33, Skill 85, Skill 44"
17,John Stewart,"Skill 10, Skill 60, Skill 31, Skill 58, Skill 94, Skill 65"
18,Timothy Gonzales,"Skill 59, Skill 15, Skill 63, Skill 55, Skill 89"
19,Brian Edwards,"Skill 46, Skill 85"
20,Daniel Rowe,"Skill 68, Skill 82, Skill 18"
21,Seth Lyons,Skill 19
22,Randy Duncan MD,"Skill 34, Skill 92, Skill 76"
23,Carrie Wheeler,"Skill 53, Skill 43, Skill 67, Skill 99"
24,Sean Valdez,"Skill 61, Skill 15, Skill 87, Skill 33, Skill 37, Skill 35"
25,Nicole Weber,"Skill 59, Skill 69, Skill 28, Skill 54, Skill 52, Skill 74"
26,William Alvarado,"Skill 12, Skill 87, Skill 13"
27,Gary Stanton,"Skill 69, Skill 38, Skill 20, Skill 64, Skill 33, Skill 27"
28,Andrew Reese,"Skill 66, Skill 93, Skill 89"
29,Thomas Hopkins,"Skill 46, Skill 5, Skill 2, Skill 65, Skill 74"
30,Tammy Paul,"Skill 96, Skill 21, Skill 46, Skill 45, Skill 89, Skill 33"
31,Christopher Smith,"Skill 9, Skill 50, Skill 58, Skill 54"
32,Christopher Jones,"Skill 90, Skill 10, Skill 77, Skill 88, Skill 92, Skill 27"
33,Cheryl Yoder,"Skill 8, Skill 28, Skill 81"
34,David Smith,"Skill 82, Skill 81"
35,Tonya Ponce,"Skill 86, Skill 97"
36,Alexandria Gallegos,"Skill 74, Skill 38"
37,William Fisher,"Skill 40, Skill 18, Skill 9, Skill 29"
38,Desiree Hansen,"Skill 72, Skill 67, Skill 98, Skill 15, Skill 37"
39,Krystal Nelson,"Skill 69, Skill 60, Skill 57, Skill 40, Skill 16"
40,Clifford Barton,"Skill 47, Skill 70, Skill 41, Skill 88, Skill 27"
41,Allison Downs MD,"Skill 9, Skill 77, Skill 54, Skill 17, Skill 43, Skill 8"
42,Autumn Harrell,"Skill 20, Skill 43, Skill 26, Skill 82, Skill 35"
43,Jasmine Hopkins,"Skill 36, Skill 63, Skill 5, Skill 41, Skill 56"
44,Kathy Rodriguez,"Skill 94, Skill 44"
45,Frank Gray,"Skill 68, Skill 53, Skill 76"
46,Jennifer Coffey,"Skill 69, Skill 21, Skill 72, Skill 40, Skill 88"
47,Tammy Curtis,Skill 12
48,Jose Anderson,Skill 98
49,Haley Gutierrez,"Skill 16, Skill 98, Skill 91"
50,Steven Gomez,"Skill 22, Skill 98, Skill 9"
51,Anthony Hoffman,"Skill 30, Skill 9, Skill 35, Skill 84, Skill 73, Skill 81"
52,Christian Bryant,"Skill 9, Skill 3, Skill 32, Skill 60"
53,Christopher Hill,"Skill 12, Skill 76, Skill 64"
54,Christina Hall,"Skill 21, Skill 38, Skill 54, Skill 25, Skill 74"
55,Sharon Watson,"Skill 49, Skill 10, Skill 22, Skill 33, Skill 23"
56,Lee Duran,"Skill 19, Skill 80, Skill 79, Skill 35"
57,John Solis,"Skill 28, Skill 76, Skill 19, Skill 88, Skill 82, Skill 13"
58,Steven Griffin,"Skill 38, Skill 24, Skill 40, Skill 62, Skill 56"
59,Todd Barton,"Skill 28, Skill 90, Skill 37, Skill 29"
60,Donald Thornton,"Skill 9, Skill 76, Skill 14"
61,Anthony Mendez,Skill 55
62,Jennifer Young,"Skill 55, Skill 35"
63,Brianna Oneal DDS,"Skill 87, Skill 27"
64,Michael Jackson,"Skill 78, Skill 9, Skill 34, Skill 32, Skill 92"
65,Christina Walker,"Skill 77, Skill 95, Skill 64, Skill 62"
66,Alan Weber,"Skill 38, Skill 15, Skill 43, Skill 88, Skill 87"
67,Andre Mcguire,"Skill 96, Skill 12, Skill 34"
68,Shannon Mckee,"Skill 51, Skill 79, Skill 70, Skill 62"
69,Stephanie Norman,"Skill 83, Skill 86, Skill 80, Skill 70"
70,Timothy Taylor,Skill 89
71,Bob Carpenter,Skill 82
72,Dawn Lee,"Skill 82, Skill 14"
73,Adam Jones,Skill 92
74,Melissa Salas,"Skill 93, Skill 54, Skill 5, Skill 32, Skill 33, Skill 29"
75,Gary Gonzales PhD,"Skill 59, Skill 97, Skill 71, Skill 65"
76,Sarah Reynolds,Skill 62
77,Heather Lin,"Skill 59, Skill 76, Skill 48, Skill 82, Skill 23"
78,John Howard,"Skill 69, Skill 71, Skill 63, Skill 74, Skill 81"
79,Sara Schultz,"Skill 80, Skill 6, Skill 33, Skill 99"
80,Jennifer Rose,"Skill 94, Skill 79"
81,James Hawkins,"Skill 7, Skill 4"
82,Michael Jones,"Skill 10, Skill 57, Skill 58, Skill 7, Skill 76, Skill 67"
83,Janice Johnson,"Skill 39, Skill 29"
84,Mr. Brandon Palmer,Skill 3
85,Mr. Dustin Olsen,Skill 41
86,Mr. Kenneth Morgan Jr.,"Skill 59, Skill 80, Skill 6"
87,Jacqueline Coleman,Skill 4
88,Sara Boyd,Skill 3
89,Adam Flores,"Skill 21, Skill 50, Skill 58, Skill 20, Skill 89, Skill 13"
90,Jennifer Anderson,"Skill 21, Skill 61, Skill 70, Skill 89, Skill 91, Skill 56"
91,Michael Wu,"Skill 83, Skill 33, Skill 67"
92,Francisco Johnson,"Skill 96, Skill 36, Skill 18, Skill 90"
93,Cristian Jenkins,"Skill 77, Skill 19, Skill 83, Skill 16, Skill 27, Skill 99"
94,Amber Rivera,Skill 90
95,Derek Obrien,"Skill 49, Skill 87, Skill 11, Skill 52"
96,Sarah Miller,"Skill 58, Skill 37"
97,Donna Fischer,Skill 71
98,Leslie Bridges,Skill 82
99,Theresa Hall,"Skill 80, Skill 47, Skill 14, Skill 17, Skill 40"
100,Katelyn Harris,"Skill 98, Skill 84"
101,Whitney Martinez,Skill 95
102,Amber Howell,"Skill 17, Skill 89"
103,Donna Hopkins,"Skill 69, Skill 76"
104,Laura Dyer,"Skill 21, Skill 14, Skill 15, Skill 43, Skill 82"
105,Paul Tyler,"Skill 51, Skill 4, Skill 47, Skill 19, Skill 34, Skill 16"
106,Elizabeth Hopkins,"Skill 53, Skill 18, Skill 26, Skill 52"
107,Jacqueline Henderson,"Skill 88, Skill 98, Skill 76, Skill 17"
108,Michael Vaughn,"Skill 85, Skill 55, Skill 54"
109,Belinda Salazar,"Skill 3, Skill 86, Skill 65, Skill 30"
110,Michele Hill,"Skill 71, Skill 70, Skill 84, Skill 65"
111,Jessica Copeland,"Skill 5, Skill 51, Skill 46"
112,Amanda Webster,"Skill 57, Skill 92, Skill 67"
113,Ellen Bryant,"Skill 67, Skill 81, Skill 15, Skill 19"
114,John Sanders,"Skill 49, Skill 93, Skill 72, Skill 30, Skill 35"
115,Jeffrey Mills,"Skill 1, Skill 98, Skill 58, Skill 6, Skill 45, Skill 37"
116,Thomas Miller,"Skill 50, Skill 31, Skill 22, Skill 88, Skill 87, Skill 82"
117,Gregory Brewer,"Skill 17, Skill 19"
118,Andrea Castillo,"Skill 83, Skill 21, Skill 48, Skill 55"
119,Stacey Wright,"Skill 40, Skill 94, Skill 76, Skill 14"
120,Stephanie Williamson,"Skill 69, Skill 28, Skill 39, Skill 76, Skill 63, Skill 13"
121,Jill Garrison,"Skill 78, Skill 77, Skill 22, Skill 8, Skill 56"
122,Johnny Ferguson,"Skill 21, Skill 72"
123,Albert Reed,"Skill 64, Skill 4"
124,Benjamin Brown,Skill 6
125,Carl Andrade,"Skill 61, Skill 13, Skill 30"
126,Derek Wallace,Skill 94
127,Jennifer Moore,"Skill 21, Skill 66"
128,James Newton,"Skill 1, Skill 50, Skill 39, Skill 69, Skill 31, Skill 2"
129,Matthew Henderson,"Skill 42, Skill 79, Skill 75, Skill 35, Skill 84, Skill 81"
130,Lindsey Roberts,"Skill 82, Skill 32"
131,Brian Wood,"Skill 64, Skill 73, Skill 81"
132,Rachel Jensen,Skill 21
133,David Mckay,Skill 22
134,Richard Miranda,"Skill 79, Skill 85, Skill 77, Skill 98, Skill 99"
135,Michael Davis,"Skill 85, Skill 75, Skill 5, Skill 26, Skill 29"
136,Michael Boyd,"Skill 39, Skill 84, Skill 10"
137,Cynthia Rogers,Skill 73
138,Donald Henson,"Skill 80, Skill 10, Skill 14, Skill 16, Skill 92, Skill 81"
139,Eric Morgan,"Skill 41, Skill 85, Skill 90"
140,Cindy Cameron,"Skill 32, Skill 56"
141,William Rodriguez,"Skill 5, Skill 51, Skill 43, Skill 73"
142,Robert Kelly,"Skill 9, Skill 68, Skill 22"
143,Diana Malone,Skill 77
144,David Byrd,Skill 27
145,Lynn Robbins,"Skill 38, Skill 17"
146,Patrick Miller,"Skill 26, Skill 4"
147,Allen Marsh,"Skill 77, Skill 91, Skill 53"
148,Richard Smith,"Skill 3, Skill 21, Skill 72, Skill 43, Skill 13"
149,Steven Price,"Skill 50, Skill 46, Skill 93, Skill 81"
150,Paula Steele,"Skill 46, Skill 54, Skill 15, Skill 48, Skill 61"
151,Lindsey Martin,"Skill 36, Skill 10"
152,Joanna Cruz,Skill 27
153,David Barnes,"Skill 68, Skill 95, Skill 84"
154,Jennifer Norris,"Skill 76, Skill 15, Skill 94, Skill 88, Skill 11, Skill 23"
155,Danny Benitez,"Skill 97, Skill 51, Skill 65, Skill 1"
156,Shawna James,"Skill 1, Skill 33, Skill 84"
157,Jimmy Nelson,"Skill 98, Skill 82, Skill 32"
158,Jessica Hines,"Skill 71, Skill 90"
159,Anthony Johnson,"Skill 83, Skill 55, Skill 78, Skill 74"
160,Denise George,"Skill 4, Skill 76, Skill 68, Skill 23, Skill 29"
161,Samantha Mendoza,"Skill 28, Skill 90, Skill 4"
162,Regina Tucker,"Skill 10, Skill 14"
163,Cheyenne Norman,"Skill 1, Skill 97, Skill 14, Skill 65, Skill 99, Skill 81"
164,Diane Hickman,"Skill 78, Skill 60, Skill 68, Skill 84, Skill 55"
165,Michael Warren,Skill 72
166,Brian Bishop,"Skill 9, Skill 84, Skill 89"
167,Lori Chavez,"Skill 72, Skill 76, Skill 29, Skill 65, Skill 11, Skill 91"
168,Melissa Brown,"Skill 40, Skill 66, Skill 3"
169,Amanda Bates PhD,"Skill 50, Skill 30, Skill 6, Skill 65, Skill 55"
170,Jason Guzman,"Skill 49, Skill 9, Skill 57, Skill 48, Skill 89, Skill 82"
171,Tonya Gibson,Skill 60
172,Regina Flores,"Skill 96, Skill 31"
173,Kenneth Castillo,Skill 60
174,Miguel Phillips,Skill 62
175,Susan Becker,"Skill 10, Skill 70"
176,Kenneth Williams,"Skill 72, Skill 10, Skill 4, Skill 68, Skill 74"
177,Lisa Robertson,"Skill 8, Skill 76, Skill 92, Skill 35"
178,Curtis Brown,"Skill 51, Skill 72, Skill 37, Skill 30"
179,Anthony Mueller,"Skill 96, Skill 80, Skill 71, Skill 18, Skill 45"
180,Michael Stephens,Skill 75
181,George Mcdowell,"Skill 80, Skill 72, Skill 73"
182,Terry Sheppard,Skill 92
183,Stefanie Carpenter,"Skill 88, Skill 50, Skill 75, Skill 4"
184,Emily Flores,"Skill 93, Skill 83, Skill 16, Skill 34, Skill 55, Skill 67"
185,Debbie Smith,"Skill 98, Skill 7, Skill 14, Skill 44"
186,Courtney Sanders,"Skill 59, Skill 34"
187,Marvin Irwin,"Skill 79, Skill 86, Skill 34, Skill 55, Skill 8"
188,Dominique Anderson,"Skill 6, Skill 52, Skill 68, Skill 26, Skill 88"
189,Rachel Martin,"Skill 42, Skill 21, Skill 85, Skill 90, Skill 9, Skill 22"
190,Charles Smith,Skill 29
191,Charles Navarro,Skill 32
192,Emily Sanchez,"Skill 22, Skill 15, Skill 17"
193,Courtney Thomas,"Skill 3, Skill 75, Skill 29"
194,Kelsey Simon,"Skill 59, Skill 90, Skill 71, Skill 70, Skill 43"
195,Richard Evans,"Skill 42, Skill 39, Skill 93, Skill 51, Skill 17"
196,Miguel Miller,"Skill 38, Skill 45, Skill 64, Skill 8, Skill 95, Skill 81"
197,Shawn Knight,"Skill 42, Skill 7, Skill 17, Skill 53, Skill 55"
198,James Mitchell,Skill 55
199,Charles Wilkinson,Skill 20
200,Tony Cantu,"Skill 9, Skill 82, Skill 24"
201,Kaitlyn Payne,"Skill 38, Skill 2"
202,Jonathan Watson,"Skill 6, Skill 58, Skill 15, Skill 22, Skill 53, Skill 88"
203,James Watkins,Skill 68
204,Richard Hull,"Skill 96, Skill 86, Skill 14, Skill 8, Skill 29"
205,Crystal Berry,"Skill 59, Skill 50, Skill 60, Skill 68, Skill 35"
206,Anthony Stevens,"Skill 22, Skill 95"
207,Lisa Davis,Skill 55
208,Melissa Jackson,"Skill 51, Skill 28, Skill 37, Skill 13"
209,Vicki Kelley,"Skill 12, Skill 90, Skill 54, Skill 45"
210,Nathaniel Holder,"Skill 31, Skill 16, Skill 2, Skill 62, Skill 27"
211,Tammy Williams,"Skill 1, Skill 86, Skill 41"
212,Theresa Delacruz,"Skill 96, Skill 60, Skill 24, Skill 88, Skill 23"
213,Amanda Bolton,"Skill 3, Skill 76, Skill 14, Skill 52, Skill 34, Skill 48"
214,Dawn Pitts,"Skill 12, Skill 95, Skill 82"
215,Donald Downs,Skill 31
216,Thomas Hart,Skill 4
217,Alexander Escobar,"Skill 45, Skill 56"
218,Julie Garcia,"Skill 36, Skill 65, Skill 62, Skill 73, Skill 67"
219,James Fox,"Skill 86, Skill 51, Skill 64, Skill 70"
220,Larry Stewart,"Skill 61, Skill 98, Skill 19, Skill 63, Skill 87"
221,Jessica Smith,"Skill 11, Skill 28"
222,Mary Farmer,"Skill 80, Skill 71, Skill 54, Skill 14, Skill 64, Skill 92"
223,Earl Lee,"Skill 4, Skill 17, Skill 62, Skill 74, Skill 11"
224,Felicia Wallace,"Skill 25, Skill 42, Skill 13, Skill 99"
225,Amanda Ross,"Skill 51, Skill 10, Skill 98, Skill 55, Skill 62, Skill 56"
226,Terri Kline,"Skill 56, Skill 37"
227,Megan Hanna,"Skill 36, Skill 79, Skill 94, Skill 91, Skill 13"
228,Ryan Peterson,"Skill 78, Skill 86, Skill 57, Skill 75, Skill 14"
229,Susan Watkins,"Skill 34, Skill 50, Skill 20, Skill 75"
230,John Armstrong,"Skill 3, Skill 71, Skill 24, Skill 65, Skill 8, Skill 56"
231,Rhonda Orr,"Skill 22, Skill 19"
232,Alexis Maldonado,"Skill 96, Skill 39, Skill 61"
233,Stacy Solomon,Skill 81
234,Alyssa Rice,"Skill 68, Skill 60, Skill 66, Skill 55"
235,Maureen Neal MD,"Skill 61, Skill 72, Skill 84"
236,Melvin Wright,"Skill 21, Skill 51, Skill 57, Skill 25, Skill 48"
237,Joshua Vaughn,"Skill 66, Skill 71, Skill 98, Skill 17, Skill 8, Skill 35"
238,Ms. Jennifer Smith DDS,Skill 98
239,Kelly Brady MD,"Skill 40, Skill 7, Skill 13"
240,Melody Watkins,"Skill 72, Skill 14, Skill 5, Skill 84, Skill 87, Skill 67"
241,Daniel Jones,"Skill 34, Skill 11, Skill 92"
242,John Davis,"Skill 21, Skill 85, Skill 5, Skill 73, Skill 33"
243,Jason Romero,"Skill 83, Skill 22, Skill 64, Skill 41, Skill 62, Skill 8"
244,Crystal Nichols MD,"Skill 63, Skill 94"
245,Robert Hanna,"Skill 79, Skill 9, Skill 77, Skill 76, Skill 2"
246,Lauren Thornton,"Skill 10, Skill 14"
247,Jonathan Smith,Skill 10
248,Jill Pennington,"Skill 46, Skill 12, Skill 33, Skill 13"
249,Laura Smith,"Skill 36, Skill 53, Skill 48, Skill 41, Skill 91, Skill 29"
250,Jason Johnson,"Skill 39, Skill 35"
251,Christopher Hoffman,"Skill 80, Skill 45, Skill 23"
252,Zachary Turner,"Skill 10, Skill 30, Skill 63, Skill 53, Skill 88, Skill 87"
253,Amy Simmons,Skill 12
254,Darrell Fernandez,"Skill 84, Skill 23"
255,David Hall,"Skill 66, Skill 90, Skill 9, Skill 19, Skill 33"
256,Dustin Collins,"Skill 61, Skill 10, Skill 73"
257,Richard Bryant,"Skill 72, Skill 67"
258,Gary Phillips,"Skill 11, Skill 61, Skill 56, Skill 37"
259,Jocelyn Stout,"Skill 59, Skill 1, Skill 17, Skill 73, Skill 89, Skill 37"
260,Jesse Livingston,Skill 34
261,Barbara Tate,"Skill 3, Skill 16, Skill 26, Skill 41"
262,Diane Griffin,Skill 13
263,Jonathan Holland,"Skill 86, Skill 54, Skill 45, Skill 83, Skill 82"
264,Taylor Chandler,"Skill 96, Skill 31"
265,Erika Summers,Skill 30
266,Christopher Hughes,"Skill 66, Skill 54, Skill 32, Skill 23"
267,Elizabeth Smith,"Skill 63, Skill 97, Skill 36"
268,Robert Ramos,"Skill 22, Skill 52, Skill 44"
269,William Lee,"Skill 49, Skill 9, Skill 57, Skill 58, Skill 13"
270,Charles Clark,"Skill 95, Skill 37"
271,Gail Chavez,"Skill 28, Skill 72, Skill 70, Skill 25, Skill 2, Skill 43"
272,Karen Ford,"Skill 61, Skill 20, Skill 51"
273,Charles Evans,"Skill 1, Skill 6, Skill 60, Skill 30"
274,Eugene Flores,"Skill 34, Skill 17"
275,Sara King,"Skill 96, Skill 64, Skill 75"
276,Rachel Hays,"Skill 21, Skill 66, Skill 44, Skill 38, Skill 55, Skill 56"
277,Dr. Megan Rodriguez MD,Skill 59
278,David Schwartz,"Skill 96, Skill 1, Skill 86, Skill 4"
279,Amy Little,Skill 65
280,Patricia Raymond,"Skill 59, Skill 69, Skill 39, Skill 2, Skill 89, Skill 88"
281,Lisa Faulkner,Skill 67
282,Jeffrey Thomas,"Skill 22, Skill 33, Skill 32, Skill 73"
283,William Johnson,Skill 59
284,Regina Cole,"Skill 59, Skill 44, Skill 14, Skill 5, Skill 88, Skill 56"
285,Jordan Harris,Skill 71
286,Kenneth Anderson,Skill 64
287,Gregory Gay II,"Skill 10, Skill 45"
288,Erin Schultz,"Skill 25, Skill 94, Skill 24"
289,Gregory King,"Skill 25, Skill 61, Skill 49"
290,Keith Lopez,"Skill 8, Skill 85"
291,Scott Rivera,"Skill 34, Skill 84, Skill 17, Skill 35"
292,Jonathan Bailey,"Skill 11, Skill 6"
293,Sarah Ramirez,"Skill 9, Skill 53, Skill 82"
294,Dana Frederick,"Skill 98, Skill 53, Skill 29"
295,Ashley Montgomery,"Skill 68, Skill 45, Skill 18"
296,Daniel Gomez,"Skill 65, Skill 36, Skill 10, Skill 23"
297,Daniel Martin,"Skill 86, Skill 2, Skill 99"
298,Sonia Pratt,Skill 4
299,Sharon Li,Skill 82
300,Laura Perkins,"Skill 96, Skill 21, Skill 91"
301,Amber Castillo,"Skill 72, Skill 54, Skill 41, Skill 4"
302,Holly Lopez,Skill 77
303,Kristina Ruiz,"Skill 34, Skill 14, Skill 99"
304,Bryan Joyce,"Skill 40, Skill 92, Skill 73, Skill 24"
305,Tamara Patterson,"Skill 12, Skill 30, Skill 38, Skill 75, Skill 5"
306,Christopher Taylor,"Skill 63, Skill 54, Skill 13, Skill 15"
307,Andrew Garner,Skill 28
308,Jason Jackson,"Skill 90, Skill 29"
309,Elizabeth Wiley,Skill 81
310,Chris Hernandez,Skill 8
311,Barbara Murphy,Skill 15
312,Sheryl Gordon,"Skill 21, Skill 51, Skill 60, Skill 11, Skill 13"
313,Nathaniel Rodriguez,"Skill 40, Skill 78, Skill 29"
314,Jennifer Sweeney,"Skill 74, Skill 81"
315,Karen Perez,"Skill 28, Skill 31, Skill 63, Skill 11, Skill 81"
316,Ashley Lopez,"Skill 50, Skill 67, Skill 26, Skill 41, Skill 13"
317,Charles Mcdonald,"Skill 66, Skill 38, Skill 70, Skill 24, Skill 83, Skill 92"
318,Taylor Martin,"Skill 69, Skill 32, Skill 44"
319,Christopher Jones,"Skill 42, Skill 97, Skill 15, Skill 2, Skill 20, Skill 41"
320,Timothy Phillips,"Skill 51, Skill 9, Skill 70, Skill 84, Skill 41"
321,Travis Hudson,"Skill 94, Skill 29"
322,Jackson Parker,"Skill 72, Skill 58, Skill 23, Skill 35"
323,William Moore,"Skill 42, Skill 46, Skill 77, Skill 64, Skill 74"
324,Danielle Cooper,"Skill 93, Skill 81"
325,Logan Stewart,"Skill 50, Skill 10"
326,Andre Evans,"Skill 95, Skill 53, Skill 45, Skill 55"
327,Jamie Powell,Skill 16
328,Glenn Moore,"Skill 83, Skill 53, Skill 32, Skill 11, Skill 91"
329,Maria Palmer,"Skill 1, Skill 36, Skill 60, Skill 32, Skill 33, Skill 35"
330,David Smith,"Skill 86, Skill 58, Skill 68, Skill 43, Skill 22"
331,Mary Wilson,"Skill 72, Skill 9, Skill 76, Skill 68, Skill 95, Skill 13"
332,Gary Russell,"Skill 74, Skill 6, Skill 84"
333,Michael Wells,"Skill 48, Skill 45"
334,Kristen Keller,Skill 99
335,David Ramirez,"Skill 5, Skill 72, Skill 13"
336,Oscar Mullins,Skill 73
337,Stephen Pearson,"Skill 42, Skill 39, Skill 92, Skill 82, Skill 99"
338,Kim Perez,Skill 15
339,Philip Hughes,"Skill 4, Skill 31, Skill 26, Skill 74, Skill 11, Skill 23"
340,Jeanne Alexander,"Skill 21, Skill 64"
341,Dr. Anna Howard,"Skill 44, Skill 81"
342,Joseph Oconnor,"Skill 82, Skill 19"
343,Erika Ford,Skill 40
344,Benjamin Carter,"Skill 20, Skill 65, Skill 22, Skill 61, Skill 81"
345,Russell Reed Jr.,Skill 15
346,Michael Anderson,"Skill 31, Skill 60, Skill 26, Skill 37, Skill 81"
347,Tamara Henry,"Skill 88, Skill 87, Skill 66, Skill 31"
348,Carrie Richardson,"Skill 61, Skill 54, Skill 75"
349,Gloria Carter,"Skill 59, Skill 49, Skill 85, Skill 76, Skill 37, Skill 29"
350,Darren Johnson,"Skill 34, Skill 42, Skill 18, Skill 31"
351,Jennifer Cooper,"Skill 83, Skill 38, Skill 95, Skill 85"
352,Jerry Snyder,"Skill 38, Skill 14"
353,Raymond Savage,"Skill 96, Skill 88, Skill 48, Skill 84, Skill 74"
354,Ashley Melton,"Skill 91, Skill 4, Skill 56, Skill 17"
355,Victor Brown,"Skill 34, Skill 92, Skill 19"
356,Joseph Gonzalez,"Skill 36, Skill 77, Skill 15, Skill 63, Skill 22"
357,Megan West,Skill 18
358,Jennifer Anderson,"Skill 85, Skill 60, Skill 6, Skill 20, Skill 89"
359,David Mooney,"Skill 90, Skill 21, Skill 38, Skill 52"
360,Ashley Mccarthy,"Skill 49, Skill 94, Skill 14, Skill 4"
361,Justin Smith,"Skill 98, Skill 62"
362,Juan Higgins,"Skill 49, Skill 39, Skill 94, Skill 22, Skill 82"
363,Amanda Rodriguez,"Skill 8, Skill 59"
364,Michelle Johnson,"Skill 17, Skill 57, Skill 65, Skill 60"
365,Chad Jones,Skill 99
366,James Vang,"Skill 57, Skill 91"
367,Tammy Hernandez,"Skill 74, Skill 67"
368,Sandra Velez,"Skill 50, Skill 54, Skill 52, Skill 99"
369,Meredith Osborne,Skill 27
370,Paul Flores,"Skill 51, Skill 50, Skill 31, Skill 39"
371,Carrie Ferguson,"Skill 59, Skill 97, Skill 67"
372,Brenda Huffman,"Skill 66, Skill 44, Skill 40, Skill 20, Skill 11"
373,Eric Hutchinson,"Skill 69, Skill 98, Skill 24, Skill 56, Skill 37"
374,Amanda Davis,"Skill 59, Skill 70, Skill 26, Skill 84, Skill 35"
375,Crystal Crawford,"Skill 68, Skill 75, Skill 53, Skill 65"
376,Kelly Boone,"Skill 80, Skill 54"
377,Jennifer Perez,"Skill 96, Skill 58, Skill 32"
378,Kevin Huff,"Skill 43, Skill 14"
379,Steven Wang,Skill 92
380,Courtney Webb,"Skill 58, Skill 65"
381,Nathan Lane,Skill 78
382,Jessica Young,"Skill 9, Skill 31"
383,Lori Petersen,"Skill 18, Skill 56"
384,Michael Sanders,"Skill 16, Skill 65"
385,Jacob Durham,"Skill 21, Skill 95, Skill 90"
386,Brett Christian,"Skill 8, Skill 91, Skill 30"
387,Lauren Miller,"Skill 96, Skill 5, Skill 49, Skill 70"
388,Seth Wells,"Skill 85, Skill 65, Skill 4"
389,Allen Brown,"Skill 83, Skill 1, Skill 71, Skill 43"
390,Angela Villarreal,Skill 40
391,Patricia Lindsey,"Skill 49, Skill 31"
392,Carol Lopez,"Skill 36, Skill 44, Skill 71, Skill 20, Skill 43, Skill 8"
393,Danielle Parrish,"Skill 20, Skill 65, Skill 37"
394,Anthony Johnson,Skill 70
395,Kenneth Burgess,"Skill 68, Skill 60, Skill 19"
396,Sarah Burnett,Skill 69
397,Martin Anderson,"Skill 88, Skill 12, Skill 7"
398,Megan Carpenter,"Skill 98, Skill 70, Skill 64, Skill 48, Skill 35"
399,Miranda Foster,"Skill 53, Skill 82, Skill 18, Skill 89"
400,Stephen Schmidt,"Skill 48, Skill 19"
401,Dennis Davis,Skill 58
402,Teresa Brown,"Skill 28, Skill 98, Skill 14"
403,Katherine Flores,Skill 84
404,Craig Rivera,"Skill 10, Skill 55"
405,Michelle Evans,Skill 18
406,Andrea Navarro PhD,Skill 54
407,Carrie Hernandez,"Skill 87, Skill 27, Skill 32, Skill 60"
408,Samuel Schwartz,"Skill 44, Skill 70, Skill 34, Skill 68, Skill 43, Skill 33"
409,Jasmine Wheeler,"Skill 34, Skill 66"
410,Tracy Hawkins,"Skill 21, Skill 78, Skill 30, Skill 7, Skill 19, Skill 37"
411,Scott Ellis,"Skill 62, Skill 30"
412,Malik Williams,"Skill 6, Skill 63, Skill 41, Skill 8, Skill 91"
413,Diana Tran,"Skill 69, Skill 28, Skill 31, Skill 30, Skill 40, Skill 8"
414,Richard Watson,"Skill 9, Skill 11"
415,Crystal Williams,"Skill 93, Skill 70"
416,Suzanne Booker,"Skill 80, Skill 78, Skill 56, Skill 99"
417,Laurie Mcmillan,"Skill 80, Skill 90, Skill 7, Skill 89, Skill 91"
418,Michael Hood,"Skill 39, Skill 46, Skill 79, Skill 6, Skill 23"
419,Vincent Knight,"Skill 39, Skill 90, Skill 94, Skill 26, Skill 22"
420,Emily Diaz,"Skill 1, Skill 78, Skill 77, Skill 2, Skill 8, Skill 23"
421,Michael Figueroa,Skill 54
422,Chelsey Mccarthy,"Skill 6, Skill 17, Skill 19, Skill 40, Skill 73, Skill 37"
423,Nicole Edwards,"Skill 12, Skill 16, Skill 39"
424,Gregory Potter,"Skill 77, Skill 28, Skill 2"
425,Scott Morris,Skill 62
426,Mr. Michael Johnston,"Skill 20, Skill 92, Skill 99"
427,Catherine Santana,"Skill 90, Skill 10, Skill 76, Skill 15, Skill 5, Skill 27"
428,Anthony Young,"Skill 28, Skill 38, Skill 16, Skill 92, Skill 37"
429,Robert West,"Skill 22, Skill 1, Skill 43, Skill 23"
430,Rachel Harper,"Skill 55, Skill 71, Skill 72, Skill 60"
431,Brian Olson,Skill 17
432,John Pope,"Skill 88, Skill 47, Skill 45"
433,Robin Parker,"Skill 88, Skill 96"
434,Jessica Francis,"Skill 59, Skill 43, Skill 90"
435,Peter Romero,Skill 19
436,William Khan,"Skill 49, Skill 77, Skill 18, Skill 65, Skill 27"
437,Bryan Chen,"Skill 83, Skill 79, Skill 32, Skill 67"
438,Michael Garcia,"Skill 71, Skill 47, Skill 54"
439,William Jennings,"Skill 1, Skill 6, Skill 7, Skill 84, Skill 41, Skill 91"
440,Patricia Peters,"Skill 80, Skill 90, Skill 4"
441,Ms. Alyssa Vasquez,"Skill 22, Skill 80"
442,Frank Gomez,"Skill 86, Skill 94, Skill 36, Skill 58"
443,James Dominguez,"Skill 31, Skill 22, Skill 84, Skill 43, Skill 88, Skill 95"
444,Blake Reynolds,"Skill 25, Skill 19"
445,Cathy Anderson,"Skill 68, Skill 95"
446,Danielle Mcbride,"Skill 31, Skill 7, Skill 24, Skill 43, Skill 13"
447,Michael Mendoza,"Skill 21, Skill 92, Skill 70, Skill 19"
448,Joseph Jordan,"Skill 28, Skill 70"
449,Maurice Chase,"Skill 90, Skill 31, Skill 20, Skill 64, Skill 61, Skill 56"
450,Caitlyn Rice,"Skill 59, Skill 31"
451,Ms. Monique Bonilla,"Skill 69, Skill 77, Skill 71, Skill 17, Skill 40, Skill 61"
452,Kristen Hunt,"Skill 86, Skill 10"
453,Scott Mills,"Skill 12, Skill 66"
454,Frank Hawkins,"Skill 12, Skill 14"
455,Heather Berry,"Skill 18, Skill 52, Skill 2, Skill 89, Skill 56"
456,Wanda Morris,Skill 31
457,Robert Miller,"Skill 47, Skill 45, Skill 5, Skill 32, Skill 8, Skill 35"
458,Ruben Morales,"Skill 46, Skill 13, Skill 31"
459,Gabrielle Francis,"Skill 36, Skill 14, Skill 56"
460,Stacy Daniel,"Skill 7, Skill 84, Skill 48, Skill 89, Skill 87"
461,Julie Coleman,"Skill 51, Skill 85, Skill 97, Skill 2, Skill 64, Skill 74"
462,Paul Nunez,"Skill 80, Skill 79"
463,Bryce Harris,"Skill 97, Skill 27"
464,Christian Dunn,"Skill 72, Skill 64, Skill 14"
465,Sarah Price,Skill 14
466,Tiffany Smith,"Skill 2, Skill 18, Skill 31, Skill 44"
467,Lauren Tran,"Skill 12, Skill 61, Skill 26, Skill 89"
468,Margaret Camacho,"Skill 30, Skill 38, Skill 97, Skill 77, Skill 73, Skill 87"
469,Ronald Contreras,"Skill 22, Skill 78, Skill 67, Skill 52"
470,Manuel Kirby,"Skill 22, Skill 68"
471,Dr. Matthew Robinson,Skill 59
472,Ronald Whitaker,"Skill 28, Skill 14"
473,John Villarreal,"Skill 77, Skill 71, Skill 52"
474,Amy Smith,"Skill 22, Skill 86, Skill 93, Skill 13"
475,Benjamin Hall,"Skill 49, Skill 14, Skill 52, Skill 87, Skill 29"
476,Alicia Long,"Skill 5, Skill 92"
477,Melissa Jones,"Skill 36, Skill 2, Skill 79, Skill 23"
478,Matthew Crosby,Skill 86
479,Lisa Daniel,"Skill 3, Skill 76, Skill 24, Skill 83, Skill 68, Skill 8"
480,Jeffrey Vargas,"Skill 39, Skill 75, Skill 29"
481,Jim Hardy,"Skill 85, Skill 77, Skill 47, Skill 41, Skill 55, Skill 89"
482,Bobby Stuart,"Skill 42, Skill 46, Skill 90, Skill 9, Skill 47, Skill 24"
483,Brian Cowan,"Skill 93, Skill 77, Skill 41, Skill 62, Skill 13"
484,Eric Morris,Skill 81
485,Bryce Schultz,"Skill 12, Skill 72"
486,Dr. Stephanie Ross,"Skill 50, Skill 21, Skill 76, Skill 48, Skill 43"
487,Scott Joyce,"Skill 40, Skill 10, Skill 23"
488,Danielle Nichols,"Skill 1, Skill 85, Skill 84, Skill 22, Skill 11"
489,Craig Jones,"Skill 69, Skill 95, Skill 48, Skill 24"
490,Christine Lopez,"Skill 93, Skill 90, Skill 58, Skill 15, Skill 84, Skill 81"
491,Susan Miranda,"Skill 46, Skill 36, Skill 78, Skill 63"
492,Zachary Paul,"Skill 21, Skill 16, Skill 64, Skill 8, Skill 87, Skill 13"
493,Shawn Perez,"Skill 33, Skill 78, Skill 37"
494,Amanda Brown,Skill 37
495,Joshua Bailey,"Skill 93, Skill 75, Skill 53, Skill 74, Skill 67"
496,Mark Lynch,"Skill 16, Skill 21, Skill 32"
497,Melissa Boyle,"Skill 66, Skill 67"
498,Maurice Wolf,"Skill 53, Skill 43, Skill 45"
499,James Blevins,Skill 7
500,Hannah Martin,"Skill 66, Skill 18, Skill 15, Skill 40, Skill 68, Skill 29"
501,Steven Logan,"Skill 74, Skill 98"
502,Dr. Eric Young MD,Skill 30
503,Michael Noble,"Skill 64, Skill 27, Skill 55"
504,Amber Hart,"Skill 74, Skill 84, Skill 43"
505,Tiffany Mayo,"Skill 50, Skill 76, Skill 87, Skill 68, Skill 20, Skill 11"
506,Sharon Phillips,"Skill 66, Skill 24"
507,Hector Doyle,"Skill 59, Skill 50, Skill 38, Skill 47, Skill 25, Skill 84"
508,Anna Gilbert,"Skill 98, Skill 7, Skill 24, Skill 88, Skill 61"
509,Amanda Allison,"Skill 3, Skill 87, Skill 64, Skill 8, Skill 11"
510,Brenda Rice,"Skill 21, Skill 37"
511,Michael Erickson,"Skill 8, Skill 70, Skill 64, Skill 27"
512,Katherine Hurst,"Skill 88, Skill 70, Skill 31"
513,Mercedes Clayton,"Skill 3, Skill 53, Skill 33"
514,Nicole Boyd,"Skill 85, Skill 86, Skill 6, Skill 43, Skill 67"
515,Courtney Garcia,"Skill 1, Skill 30, Skill 14, Skill 73, Skill 91"
516,Jasmine Harris,"Skill 4, Skill 86, Skill 58, Skill 54, Skill 24, Skill 13"
517,Benjamin Gonzalez,"Skill 11, Skill 65, Skill 60"
518,Lance Miranda,"Skill 8, Skill 57, Skill 6, Skill 88"
519,Faith Davis,Skill 33
520,Samantha Jones,"Skill 57, Skill 54, Skill 24, Skill 88, Skill 95"
521,Kyle Gonzales,"Skill 97, Skill 17, Skill 20, Skill 92, Skill 27"
522,Brian Lawson,"Skill 16, Skill 11"
523,Sara Morgan,"Skill 88, Skill 71, Skill 32"
524,Tina Russo,"Skill 53, Skill 54, Skill 78, Skill 29"
525,Erin Collier,"Skill 50, Skill 46, Skill 36, Skill 45, Skill 13, Skill 81"
526,Melanie Morgan,"Skill 21, Skill 7, Skill 67"
527,Jacqueline Estrada,"Skill 34, Skill 33, Skill 99"
528,Zachary Gross,Skill 97
529,Ryan Thompson,Skill 69
530,Kathleen Ramos,"Skill 17, Skill 87, Skill 73, Skill 91, Skill 82"
531,Alicia Cunningham,"Skill 96, Skill 97, Skill 2, Skill 47"
532,Mary Wood,"Skill 59, Skill 16"
533,Wanda Lopez,"Skill 5, Skill 53"
534,Ariana Cordova,"Skill 8, Skill 2, Skill 60"
535,Jeremy Flores,"Skill 38, Skill 61, Skill 70, Skill 34, Skill 87, Skill 35"
536,Erin Morgan,"Skill 97, Skill 39, Skill 32, Skill 81"
537,Ralph Davis,Skill 33
538,Amy Chen,"Skill 48, Skill 45, Skill 37, Skill 44"
539,Denise Ali,"Skill 1, Skill 39, Skill 9, Skill 86, Skill 48, Skill 11"
540,Brenda Davis,"Skill 11, Skill 28, Skill 43, Skill 90"
541,Kelli Riley,"Skill 1, Skill 60, Skill 9, Skill 48, Skill 88, Skill 82"
542,Matthew Jones,"Skill 1, Skill 11, Skill 36, Skill 55"
543,Christopher Ramirez,"Skill 96, Skill 28, Skill 88, Skill 80"
544,Carl Sosa,"Skill 96, Skill 82, Skill 78, Skill 29"
545,Taylor Patel,"Skill 1, Skill 90, Skill 24, Skill 30"
546,Karen Valdez,"Skill 38, Skill 13, Skill 81"
547,Sydney Pierce,"Skill 91, Skill 64, Skill 55, Skill 82"
548,Suzanne Hernandez,Skill 76
549,Theresa Hernandez,"Skill 63, Skill 46, Skill 30"
550,David Jones,"Skill 34, Skill 53, Skill 65, Skill 73"
551,Jasmin Garcia,"Skill 96, Skill 10, Skill 98, Skill 52, Skill 15, Skill 73"
552,Candace Peck,"Skill 27, Skill 37, Skill 81"
553,Herbert Ortega,"Skill 94, Skill 20"
554,Adam Sanchez,"Skill 12, Skill 95, Skill 13, Skill 1"
555,Caroline Weber,"Skill 96, Skill 35"
556,Kelly Johnson MD,"Skill 51, Skill 60, Skill 97, Skill 18, Skill 26, Skill 35"
557,Loretta Curtis,"Skill 21, Skill 97, Skill 53, Skill 62, Skill 87, Skill 67"
558,Miguel Townsend,"Skill 25, Skill 44"
559,Cody Cain,"Skill 96, Skill 39, Skill 77, Skill 40, Skill 68, Skill 82"
560,Stephanie Cline,"Skill 97, Skill 57, Skill 82, Skill 13"
561,Kayla Oliver,"Skill 87, Skill 41, Skill 23"
562,Jimmy Cochran,"Skill 60, Skill 35"
563,Stephanie Manning,"Skill 40, Skill 16, Skill 53"
564,Rachel Perez,"Skill 77, Skill 68"
565,Amanda West,"Skill 2, Skill 45, Skill 89"
566,Dustin Cortez,Skill 29
567,Lee Wilson,"Skill 76, Skill 14, Skill 54, Skill 65, Skill 87"
568,Candace Gaines,"Skill 86, Skill 52, Skill 23"
569,Shannon Wilkinson,Skill 65
570,Lori Lawson,"Skill 51, Skill 15, Skill 31"
571,Ronald Prince,"Skill 10, Skill 34, Skill 27, Skill 13, Skill 35"
572,Scott Brown,"Skill 91, Skill 32, Skill 65, Skill 24"
573,Derek Allen,Skill 70
574,Anna Coleman,"Skill 69, Skill 34, Skill 11, Skill 13, Skill 99"
575,Michael Blair,"Skill 76, Skill 15, Skill 99"
576,Lindsey Craig,"Skill 74, Skill 1, Skill 3, Skill 27"
577,Julia Scott,"Skill 66, Skill 76, Skill 13"
578,Joshua Harvey,"Skill 42, Skill 18, Skill 70, Skill 15"
579,Samantha George,Skill 12
580,Logan Miller,"Skill 93, Skill 45"
581,Michael Sanchez,"Skill 42, Skill 58, Skill 32, Skill 31"
582,Paul Chavez,"Skill 9, Skill 51, Skill 79"
583,Karen Roth,"Skill 53, Skill 73"
584,Nathan George DVM,"Skill 61, Skill 6, Skill 75"
585,Courtney Lopez,"Skill 58, Skill 45"
586,Sean Carter,"Skill 59, Skill 27, Skill 88"
587,Joanna Allen DVM,"Skill 49, Skill 50, Skill 53, Skill 40"
588,Cameron Fox,"Skill 69, Skill 52, Skill 63, Skill 94, Skill 22"
589,Cynthia Caldwell,"Skill 88, Skill 12, Skill 57, Skill 66"
590,Samantha Taylor,"Skill 88, Skill 6"
591,George Trevino,Skill 97
592,Shannon Welch,"Skill 14, Skill 19"
593,John Allen,"Skill 42, Skill 51, Skill 93, Skill 23, Skill 40, Skill 67"
594,Dustin Nguyen,Skill 13
595,Kevin Hanson,"Skill 98, Skill 61, Skill 30"
596,James Warren,"Skill 88, Skill 12, Skill 87"
597,John Anderson,Skill 60
598,Jennifer Anderson,"Skill 77, Skill 58, Skill 54, Skill 17, Skill 20"
599,Shawn Zimmerman,"Skill 39, Skill 85, Skill 31, Skill 98, Skill 20, Skill 55"
600,Christopher Oneill,"Skill 22, Skill 61, Skill 9, Skill 89"
601,Rachael Krueger,"Skill 39, Skill 66, Skill 76, Skill 14, Skill 41"
602,Sharon Kelly,"Skill 40, Skill 76"
603,Courtney Fuentes,"Skill 49, Skill 16, Skill 45, Skill 10"
604,Ryan Garcia,"Skill 45, Skill 18, Skill 65, Skill 62, Skill 33"
605,Henry Hale,Skill 8
606,Jennifer Johnson,"Skill 1, Skill 87"
607,Joseph Lewis Jr.,Skill 52
608,Richard Mccann,Skill 46
609,Mary Sampson,"Skill 51, Skill 90, Skill 44, Skill 18, Skill 5"
610,Alexis Skinner,Skill 54
611,Christopher Santos,"Skill 49, Skill 3, Skill 21, Skill 88, Skill 81"
612,Julia Reid,"Skill 90, Skill 79, Skill 52, Skill 55"
613,Carol Johnson,"Skill 9, Skill 36, Skill 70, Skill 35"
614,Leonard Burns,Skill 77
615,William Thompson,"Skill 2, Skill 36, Skill 27, Skill 23"
616,Janice Brown,"Skill 67, Skill 50, Skill 15, Skill 73"
617,Tiffany Sanchez,"Skill 3, Skill 85, Skill 97, Skill 76, Skill 43, Skill 22"
618,Tiffany May,"Skill 12, Skill 50, Skill 1, Skill 52, Skill 43"
619,Shelly Roman,"Skill 2, Skill 80, Skill 21, Skill 82"
620,Michael Garza,"Skill 80, Skill 85"
621,William Potts,"Skill 59, Skill 39, Skill 78, Skill 53, Skill 43, Skill 82"
622,Andrew Mitchell,Skill 10
623,Felicia Kim,"Skill 12, Skill 86, Skill 48, Skill 62, Skill 74"
624,Elizabeth Dean,"Skill 36, Skill 85, Skill 58, Skill 40, Skill 74, Skill 92"
625,Tara Turner,"Skill 21, Skill 79, Skill 60, Skill 71, Skill 7, Skill 81"
626,James Hamilton,"Skill 40, Skill 23"
627,Monique Turner,"Skill 1, Skill 93, Skill 45, Skill 62, Skill 91"
628,Jamie Clark,"Skill 87, Skill 20"
629,Andrew Cruz,"Skill 80, Skill 54, Skill 18, Skill 15, Skill 35"
630,Joshua Walton,"Skill 16, Skill 87, Skill 89"
631,James Long,"Skill 77, Skill 76, Skill 18, Skill 16, Skill 48, Skill 91"
632,Matthew Lynch,"Skill 90, Skill 15, Skill 11, Skill 33, Skill 67, Skill 99"
633,Cristina Schneider,"Skill 86, Skill 92, Skill 15"
634,Aaron Sharp,"Skill 83, Skill 61, Skill 72, Skill 29"
635,Joshua Sampson,"Skill 44, Skill 19, Skill 20, Skill 48, Skill 65"
636,Nicholas Malone,"Skill 34, Skill 55, Skill 24"
637,Jeanette Smith,"Skill 69, Skill 18, Skill 2, Skill 32, Skill 89"
638,Megan Gregory,"Skill 77, Skill 51, Skill 84, Skill 44"
639,Samantha Smith,"Skill 34, Skill 1, Skill 96, Skill 63"
640,Amanda Nelson,"Skill 72, Skill 94, Skill 47, Skill 65"
641,Christopher Rocha,"Skill 72, Skill 97, Skill 70, Skill 5, Skill 13, Skill 81"
642,Steven Weaver,"Skill 7, Skill 24, Skill 65, Skill 73, Skill 95, Skill 13"
643,Mrs. Erin Cruz,"Skill 9, Skill 77, Skill 69, Skill 82"
644,Catherine Tanner,"Skill 69, Skill 70, Skill 26, Skill 62, Skill 8"
645,Jennifer Johnson,"Skill 77, Skill 70, Skill 19, Skill 26, Skill 73, Skill 61"
646,Anthony Williams,"Skill 63, Skill 70"
647,Jeremy Walters,"Skill 28, Skill 20"
648,Amy Wells,"Skill 49, Skill 66, Skill 93"
649,Tammy Gonzalez,"Skill 93, Skill 85, Skill 25, Skill 43, Skill 61"
650,James Shelton,"Skill 97, Skill 58, Skill 48, Skill 33"
651,Sandra Lewis,"Skill 59, Skill 21, Skill 46, Skill 4, Skill 15"
652,Brooke Wilson,"Skill 9, Skill 81, Skill 59"
653,Mr. Kevin Massey,"Skill 6, Skill 41, Skill 32, Skill 87, Skill 67"
654,John Brown,"Skill 21, Skill 77, Skill 97, Skill 2, Skill 82"
655,Regina Fernandez,"Skill 16, Skill 52, Skill 15, Skill 31"
656,Amanda Matthews,"Skill 79, Skill 6, Skill 16, Skill 73, Skill 29"
657,Allen Moore,"Skill 28, Skill 6, Skill 52"
658,Jason Blair,"Skill 72, Skill 86, Skill 47, Skill 34, Skill 91"
659,Zachary Barker,"Skill 12, Skill 60"
660,David Lopez,"Skill 50, Skill 37"
661,Heather Morrow,"Skill 72, Skill 10, Skill 78, Skill 19, Skill 43, Skill 91"
662,Anne Brady,"Skill 51, Skill 93, Skill 39, Skill 98, Skill 58, Skill 43"
663,Thomas Harris,Skill 7
664,Denise Gilmore,"Skill 28, Skill 90, Skill 68, Skill 43, Skill 29"
665,Jacob Johnson,"Skill 4, Skill 19, Skill 41, Skill 33, Skill 29"
666,Carla Lopez,"Skill 96, Skill 98, Skill 48, Skill 90"
667,Lindsey Moore,"Skill 80, Skill 76, Skill 68, Skill 56, Skill 37"
668,Kathy King,"Skill 93, Skill 97, Skill 5, Skill 68, Skill 84, Skill 99"
669,William Ramos,"Skill 7, Skill 90"
670,Michael Jackson,"Skill 80, Skill 60, Skill 30, Skill 47, Skill 70, Skill 17"
671,John Romero,"Skill 87, Skill 58"
672,Joshua Mendoza,"Skill 9, Skill 47, Skill 60"
673,Rebecca Young,"Skill 10, Skill 34, Skill 88, Skill 95, Skill 37"
674,Angela Hickman,"Skill 15, Skill 53, Skill 4, Skill 60"
675,Kyle Hebert,"Skill 60, Skill 14, Skill 62, Skill 23, Skill 35"
676,Erica Erickson,"Skill 6, Skill 75, Skill 45"
677,Tiffany Lee,"Skill 59, Skill 54, Skill 63, Skill 26, Skill 23, Skill 99"
678,Jennifer Murray,"Skill 3, Skill 72, Skill 90, Skill 31, Skill 97, Skill 82"
679,Jeffrey Barrett,"Skill 24, Skill 62, Skill 8, Skill 27, Skill 35"
680,Rebekah Walker DDS,"Skill 94, Skill 46, Skill 65, Skill 19"
681,Robert Rose Jr.,Skill 47
682,Hannah Sanders,Skill 25
683,Catherine Brewer,Skill 33
684,Christopher Beasley,"Skill 86, Skill 47, Skill 67, Skill 30"
685,Aaron Garcia,"Skill 68, Skill 20, Skill 23, Skill 29"
686,Adam Frost,"Skill 88, Skill 82, Skill 54"
687,Ann Carter,"Skill 49, Skill 42, Skill 9, Skill 47, Skill 64"
688,Mary Shaffer,Skill 18
689,Anthony Carter,"Skill 69, Skill 83, Skill 63, Skill 94, Skill 74"
690,Melanie Pollard,Skill 36
691,James Riddle,"Skill 98, Skill 66"
692,Gerald Morgan,Skill 88
693,Cassie Morgan,"Skill 54, Skill 18, Skill 14, Skill 11, Skill 95"
694,Erin Baker,"Skill 77, Skill 54"
695,Richard Colon,"Skill 31, Skill 67, Skill 16, Skill 20, Skill 23"
696,Katrina Watson,"Skill 1, Skill 86, Skill 75, Skill 8, Skill 81"
697,Gregory Hernandez,Skill 30
698,Jonathan King,"Skill 50, Skill 30, Skill 14, Skill 18, Skill 20, Skill 33"
699,Travis Coleman,"Skill 93, Skill 6, Skill 18, Skill 68, Skill 26, Skill 56"
700,Cindy Mcconnell MD,Skill 39
701,Jeffrey Carpenter,Skill 89
702,Eric Robinson,"Skill 46, Skill 56"
703,Jonathan Sullivan,Skill 12
704,Debbie Sanders,"Skill 15, Skill 44"
705,Amy York,"Skill 83, Skill 97"
706,Teresa Wilson,"Skill 32, Skill 10, Skill 23, Skill 19"
707,Rebecca Smith,"Skill 9, Skill 91, Skill 14, Skill 15"
708,Erica Rosales,"Skill 28, Skill 15, Skill 40, Skill 91, Skill 33"
709,Michael Moran,"Skill 44, Skill 5, Skill 68, Skill 32, Skill 95"
710,Eduardo Schultz,Skill 66
711,Hannah Ramirez,"Skill 12, Skill 85, Skill 38, Skill 55, Skill 29"
712,Nicole Reeves,"Skill 83, Skill 77, Skill 12"
713,Andrew Smith,Skill 96
714,Elizabeth Taylor,"Skill 3, Skill 64, Skill 60"
715,Andrew Jenkins,Skill 9
716,Judith Young,"Skill 25, Skill 5, Skill 11, Skill 10"
717,Cory Ortiz,Skill 16
718,Jeffrey Kent,"Skill 97, Skill 52"
719,Alyssa Burke,"Skill 96, Skill 28, Skill 72, Skill 79, Skill 74, Skill 11"
720,Anthony Pitts,"Skill 83, Skill 64"
721,Brandi Chambers,"Skill 68, Skill 30"
722,Shane Payne,"Skill 1, Skill 70, Skill 19, Skill 25, Skill 55"
723,Jennifer Phelps,"Skill 59, Skill 16, Skill 91, Skill 66"
724,Brett Solomon,"Skill 75, Skill 62"
725,Darren Allen,"Skill 51, Skill 66, Skill 47, Skill 45, Skill 19, Skill 22"
726,Mary Smith,"Skill 45, Skill 62"
727,Alexis Montgomery,"Skill 40, Skill 46"
728,Peter Lopez,"Skill 1, Skill 87, Skill 53"
729,Rebecca Jones,"Skill 91, Skill 66, Skill 82, Skill 90"
730,Thomas Howard,Skill 95
731,Austin Coleman,"Skill 85, Skill 18"
732,Ashley Hurley,Skill 49
733,Katherine Livingston,"Skill 16, Skill 71"
734,Leah Hart,"Skill 33, Skill 82, Skill 52"
735,Joanne King,"Skill 49, Skill 58, Skill 65, Skill 22, Skill 81"
736,Michael Allen,"Skill 68, Skill 85, Skill 64"
737,Heather Torres,"Skill 39, Skill 79, Skill 78, Skill 7, Skill 14"
738,David Carlson,"Skill 80, Skill 72, Skill 85, Skill 73, Skill 27"
739,Joe Taylor,"Skill 28, Skill 9, Skill 83, Skill 20, Skill 48, Skill 81"
740,Brandi Saunders,"Skill 39, Skill 98, Skill 5, Skill 68, Skill 35"
741,Lisa Nelson,Skill 11
742,Robert Reynolds,"Skill 72, Skill 85, Skill 24, Skill 68, Skill 67, Skill 35"
743,Jeff Norris,"Skill 72, Skill 47, Skill 92, Skill 14"
744,Erica Dalton,"Skill 77, Skill 50, Skill 13"
745,Jeffrey Hayes,"Skill 22, Skill 1, Skill 44"
746,Linda Burton,"Skill 8, Skill 33, Skill 76, Skill 13"
747,Ashley Ortiz,Skill 15
748,Brandon Kelly,"Skill 83, Skill 94"
749,Kristen Wong,Skill 16
750,Spencer Krause,"Skill 34, Skill 42, Skill 51, Skill 53"
751,David Vaughn,Skill 63
752,Monica Park,Skill 12
753,Joseph Flores,"Skill 60, Skill 76, Skill 17, Skill 68, Skill 29"
754,Jessica Campbell,"Skill 40, Skill 87, Skill 98, Skill 32"
755,Isaac Santiago,"Skill 11, Skill 82, Skill 75"
756,Steven Wilson,"Skill 90, Skill 91, Skill 41, Skill 1"
757,Steven Smith,"Skill 25, Skill 87, Skill 78, Skill 67"
758,Nathaniel Solis,"Skill 74, Skill 12, Skill 66, Skill 26"
759,Latasha Smith,"Skill 36, Skill 4, Skill 18, Skill 13"
760,David Stout,"Skill 21, Skill 93, Skill 52, Skill 51"
761,Kelsey Henderson,"Skill 68, Skill 39, Skill 23, Skill 71"
762,Jessica Ruiz,"Skill 21, Skill 72, Skill 98, Skill 6, Skill 37, Skill 81"
763,Andrew Brady,"Skill 25, Skill 86, Skill 10, Skill 1"
764,Alisha Hill,"Skill 93, Skill 23, Skill 70, Skill 24, Skill 68, Skill 37"
765,Amy Schroeder,"Skill 80, Skill 39"
766,William Hernandez,"Skill 22, Skill 84, Skill 40"
767,Mary Cordova,"Skill 12, Skill 98, Skill 37"
768,John George,Skill 73
769,Amanda Moreno,"Skill 36, Skill 84"
770,James Brown,"Skill 49, Skill 46, Skill 4, Skill 38, Skill 26"
771,Charles Mitchell Jr.,"Skill 88, Skill 34, Skill 74, Skill 22, Skill 29"
772,Alicia Mosley,"Skill 3, Skill 51, Skill 36"
773,Chad Dunn,"Skill 75, Skill 10, Skill 14"
774,Amanda Cook,"Skill 57, Skill 98, Skill 47, Skill 43, Skill 11, Skill 29"
775,Richard Smith,"Skill 74, Skill 76"
776,Marie Finley,"Skill 69, Skill 70, Skill 30"
777,Justin Estrada,"Skill 7, Skill 79, Skill 13"
778,Susan Thomas,"Skill 88, Skill 27, Skill 62, Skill 31"
779,Zachary Barnes,"Skill 2, Skill 48, Skill 20"
780,Todd Butler II,"Skill 21, Skill 90, Skill 10, Skill 2, Skill 74"
781,Amanda Smith,"Skill 17, Skill 98, Skill 62, Skill 81"
782,William Oneill,"Skill 3, Skill 61, Skill 11"
783,Travis Gonzalez,"Skill 41, Skill 62"
784,Deborah Morgan,Skill 28
785,Jenny Hernandez,"Skill 39, Skill 95, Skill 51"
786,Bradley Howell,"Skill 22, Skill 69, Skill 84, Skill 65"
787,Donald Davis,"Skill 74, Skill 26, Skill 70"
788,Madison Hodges,"Skill 98, Skill 93"
789,Christopher Davis,"Skill 3, Skill 86, Skill 70, Skill 82, Skill 35"
790,Charlotte Martinez,"Skill 34, Skill 90, Skill 81"
791,Mariah Keller,"Skill 31, Skill 18, Skill 53, Skill 65, Skill 61"
792,Rebecca Norris,"Skill 97, Skill 18, Skill 83, Skill 65, Skill 87, Skill 67"
793,Carlos Scott,Skill 73
794,Joan Mckinney,Skill 50
795,Jeremy Martin,"Skill 49, Skill 72, Skill 90, Skill 2, Skill 91"
796,Roger Dunlap,"Skill 61, Skill 92"
797,Kevin Potts,"Skill 36, Skill 60, Skill 45, Skill 16, Skill 92, Skill 23"
798,Mary Young,"Skill 47, Skill 85, Skill 65"
799,Stephanie Hall,"Skill 42, Skill 60, Skill 44, Skill 45, Skill 17, Skill 87"
800,Felicia Gutierrez,"Skill 36, Skill 10, Skill 17, Skill 94, Skill 48, Skill 33"
801,Charles Chapman,"Skill 96, Skill 21, Skill 72, Skill 70, Skill 62"
802,Joseph Reese,"Skill 2, Skill 64"
803,Caroline White,"Skill 80, Skill 72, Skill 84, Skill 22, Skill 13"
804,Brooke Romero,"Skill 49, Skill 22, Skill 89"
805,Jerry Moore,"Skill 10, Skill 71, Skill 75, Skill 14, Skill 41"
806,Amanda Johnson,Skill 77
807,Cynthia Moore,"Skill 65, Skill 55"
808,David Robinson,"Skill 59, Skill 77, Skill 16, Skill 64, Skill 74"
809,Brent Lynch,"Skill 22, Skill 66, Skill 73"
810,Andrea Strickland,"Skill 85, Skill 97, Skill 48, Skill 65, Skill 55, Skill 23"
811,Tasha Vargas,"Skill 86, Skill 66, Skill 81"
812,Heather Jackson,"Skill 40, Skill 70, Skill 56, Skill 47"
813,Michael Jackson,"Skill 74, Skill 52"
814,Mary Klein,"Skill 46, Skill 78, Skill 70, Skill 73"
815,Jessica Key,"Skill 59, Skill 7, Skill 45, Skill 15, Skill 68"
816,Andre Hart,"Skill 28, Skill 26, Skill 70, Skill 39"
817,Kenneth Adams,Skill 15
818,Nichole Rogers,Skill 66
819,John Ballard,"Skill 93, Skill 47, Skill 99"
820,Nicholas Thompson,"Skill 5, Skill 90, Skill 4"
821,Maurice Patterson,"Skill 38, Skill 64"
822,Crystal Freeman,"Skill 66, Skill 76, Skill 18, Skill 5, Skill 89, Skill 33"
823,John Phillips,"Skill 69, Skill 80, Skill 19, Skill 34, Skill 82, Skill 13"
824,Angela Parker,Skill 78
825,Christopher Hernandez,"Skill 43, Skill 55"
826,Mrs. Amy Brown,"Skill 3, Skill 1, Skill 59, Skill 31, Skill 88, Skill 37"
827,Melissa Webb,Skill 57
828,Mrs. Sarah Daniel,Skill 27
829,Tristan Mejia,"Skill 49, Skill 60, Skill 98, Skill 11, Skill 67, Skill 99"
830,Linda Wheeler,Skill 49
831,Jacob Salas,"Skill 61, Skill 23"
832,Tammy Mcfarland,"Skill 85, Skill 90"
833,Michael Foster,Skill 65
834,Morgan Armstrong,"Skill 42, Skill 92"
835,Ashley Johnson,"Skill 86, Skill 82, Skill 48"
836,John Wilson,"Skill 74, Skill 55, Skill 25, Skill 31"
837,Annette Stevens,"Skill 5, Skill 26, Skill 55, Skill 74, Skill 33, Skill 35"
838,Rachel Turner,"Skill 42, Skill 78"
839,Kyle Williams,"Skill 78, Skill 38, Skill 6, Skill 27, Skill 67"
840,Sabrina Perez,"Skill 5, Skill 79, Skill 78, Skill 23"
841,Kyle Ross,"Skill 34, Skill 80, Skill 90"
842,Kristin Miller,"Skill 97, Skill 71, Skill 15, Skill 89"
843,John Garcia,"Skill 50, Skill 76, Skill 24, Skill 53, Skill 26, Skill 65"
844,Roberta Rodriguez,"Skill 77, Skill 57, Skill 82, Skill 89"
845,William Guzman,"Skill 3, Skill 80, Skill 93, Skill 97, Skill 75, Skill 68"
846,Charles Zimmerman,Skill 42
847,Erika Carter,"Skill 34, Skill 39, Skill 84, Skill 4"
848,Erin Bishop,"Skill 96, Skill 12, Skill 72, Skill 55"
849,Christina Anderson,Skill 47
850,Robert Lowe,"Skill 28, Skill 48, Skill 52, Skill 37"
851,Joshua Williams,"Skill 49, Skill 88, Skill 31, Skill 57, Skill 40, Skill 22"
852,Brian Bell,"Skill 61, Skill 31"
853,Jonathan Espinoza,"Skill 87, Skill 95, Skill 99"
854,David Jackson,"Skill 47, Skill 19"
855,Anna Guzman,"Skill 87, Skill 75"
856,Duane Ayala,"Skill 31, Skill 30, Skill 70, Skill 24, Skill 55, Skill 99"
857,Kelly Graham,"Skill 80, Skill 93, Skill 14, Skill 53, Skill 74"
858,Shawn Moon,"Skill 47, Skill 76"
859,Dylan Hill,Skill 65
860,Damon Navarro,Skill 99
861,Joseph Evans,"Skill 3, Skill 72, Skill 43, Skill 48, Skill 33"
862,Bridget Smith PhD,Skill 76
863,Morgan Crawford,Skill 58
864,Shelly Barnes,"Skill 4, Skill 19"
865,Jerry Alexander,"Skill 72, Skill 97, Skill 58, Skill 5, Skill 20, Skill 82"
866,Mercedes Ward,Skill 61
867,Elizabeth Pacheco,"Skill 86, Skill 5, Skill 20, Skill 90"
868,Brandi Cook,"Skill 46, Skill 26, Skill 13"
869,Natalie Williamson,"Skill 59, Skill 49, Skill 51, Skill 10, Skill 40, Skill 61"
870,Andrea Mcclure,Skill 34
871,Johnny Wilcox,"Skill 43, Skill 29"
872,Christina Ramos,"Skill 28, Skill 44, Skill 34, Skill 5, Skill 53, Skill 88"
873,Gerald Price,"Skill 3, Skill 53, Skill 75"
874,Donna Williamson,"Skill 42, Skill 79, Skill 24"
875,Tyler Smith,"Skill 85, Skill 57, Skill 6, Skill 7, Skill 5, Skill 62"
876,Tammy Jordan,"Skill 66, Skill 90, Skill 76, Skill 65, Skill 55, Skill 61"
877,Nicholas Zimmerman,"Skill 41, Skill 39, Skill 33, Skill 45"
878,Hector Hall,"Skill 16, Skill 10, Skill 35"
879,Christopher Nelson,"Skill 78, Skill 30, Skill 77, Skill 98, Skill 75, Skill 64"
880,Ryan Green DDS,"Skill 66, Skill 77, Skill 83, Skill 88, Skill 37, Skill 35"
881,Jose Thomas,"Skill 25, Skill 54, Skill 41, Skill 88"
882,Nicole Morrison,"Skill 42, Skill 50, Skill 47, Skill 32"
883,Justin Gutierrez,Skill 44
884,Tricia Bryant,Skill 8
885,Erin Flowers,"Skill 28, Skill 66, Skill 31, Skill 77, Skill 75, Skill 67"
886,Susan Alvarez,"Skill 42, Skill 18"
887,Brian Goodman,"Skill 33, Skill 32, Skill 19"
888,Wendy Scott,"Skill 91, Skill 43"
889,Alicia Wright,"Skill 59, Skill 69, Skill 79, Skill 57, Skill 98, Skill 29"
890,Miguel Mcbride,"Skill 32, Skill 73, Skill 88, Skill 87, Skill 95"
891,Joshua Williams,"Skill 31, Skill 44, Skill 52, Skill 32, Skill 55, Skill 37"
892,Michael Moore,"Skill 49, Skill 69, Skill 80, Skill 53"
893,Mr. Aaron Anderson,"Skill 34, Skill 57, Skill 66, Skill 78"
894,Ralph Cross,"Skill 97, Skill 50, Skill 47, Skill 31"
895,John Williams,"Skill 52, Skill 70, Skill 40, Skill 84, Skill 65, Skill 33"
896,Ashley Douglas,"Skill 46, Skill 78"
897,Brianna Abbott,"Skill 69, Skill 53, Skill 79"
898,Jessica Garrett,"Skill 80, Skill 18, Skill 75"
899,Jeffrey Ali,"Skill 5, Skill 7, Skill 89"
900,Kimberly Baker,"Skill 69, Skill 16, Skill 72"
901,Teresa Schultz,"Skill 44, Skill 14, Skill 25, Skill 20, Skill 32"
902,Michael Brennan,"Skill 3, Skill 56, Skill 55"
903,Amber Stone,"Skill 42, Skill 97, Skill 25, Skill 48, Skill 56"
904,Mary Buchanan,"Skill 50, Skill 64"
905,Darren Bennett,"Skill 21, Skill 36, Skill 76, Skill 8, Skill 11"
906,Brent Johnson,"Skill 26, Skill 4, Skill 99"
907,Steven Newton,"Skill 16, Skill 21, Skill 14"
908,Kelly Wilson,"Skill 4, Skill 23, Skill 31"
909,April Estrada,"Skill 66, Skill 79, Skill 4, Skill 2, Skill 64"
910,Sarah Jones,Skill 54
911,Tiffany Hawkins,Skill 92
912,Travis Cole,"Skill 96, Skill 44, Skill 97, Skill 73, Skill 55"
913,Rachel Caldwell,Skill 32
914,Gene Nelson,"Skill 10, Skill 31, Skill 38, Skill 15, Skill 82, Skill 35"
915,Ronald Hill,"Skill 49, Skill 46, Skill 25, Skill 87, Skill 82, Skill 56"
916,Jonathan Marshall,"Skill 1, Skill 31, Skill 97, Skill 17, Skill 26, Skill 87"
917,Michael Berg,"Skill 8, Skill 48, Skill 32, Skill 99"
918,Christopher Lane,"Skill 9, Skill 38, Skill 95, Skill 40"
919,Kathryn Glover,"Skill 1, Skill 90, Skill 31, Skill 4, Skill 18, Skill 73"
920,Jonathan Schroeder,"Skill 39, Skill 35"
921,Bruce Hall,"Skill 4, Skill 76, Skill 45, Skill 48"
922,Tiffany Farley,"Skill 22, Skill 42, Skill 50, Skill 71"
923,Taylor Thompson,"Skill 51, Skill 90, Skill 78, Skill 18, Skill 17, Skill 83"
924,Patricia Adams,Skill 58
925,Tony Holmes,"Skill 38, Skill 71, Skill 23"
926,Jacqueline Murray,"Skill 95, Skill 48"
927,Denise Howard,"Skill 63, Skill 44"
928,Rachel Arellano,"Skill 77, Skill 73, Skill 61, Skill 92, Skill 56, Skill 99"
929,Katherine Olson,Skill 90
930,Christopher Johnson,"Skill 36, Skill 4, Skill 31, Skill 38, Skill 76, Skill 53"
931,Johnny Horton,"Skill 49, Skill 69, Skill 42, Skill 40"
932,Angel Jennings,"Skill 86, Skill 72, Skill 17, Skill 44"
933,Sarah Williams,"Skill 59, Skill 96, Skill 68, Skill 62, Skill 33, Skill 92"
934,Victoria Dickson,"Skill 91, Skill 33, Skill 71"
935,Mr. Andrew Taylor,"Skill 48, Skill 78, Skill 44"
936,Walter Cox IV,"Skill 96, Skill 33, Skill 15"
937,Stephanie Conrad,"Skill 59, Skill 22, Skill 9"
938,Jonathan Sanford,"Skill 25, Skill 99, Skill 19"
939,Mikayla Phillips,"Skill 21, Skill 73"
940,Jeremy Johnson,"Skill 49, Skill 22"
941,John Olsen,"Skill 92, Skill 99"
942,Aaron Krause,Skill 28
943,Jonathan Moore,"Skill 12, Skill 36, Skill 79, Skill 60, Skill 9, Skill 65"
944,Katelyn Grant,"Skill 69, Skill 75, Skill 95, Skill 67, Skill 35"
945,Denise Johnson,"Skill 53, Skill 28, Skill 72"
946,Matthew Nixon,"Skill 1, Skill 9, Skill 86, Skill 76, Skill 41, Skill 91"
947,Daniel Johnson,"Skill 22, Skill 52, Skill 13"
948,Crystal Rivera,"Skill 41, Skill 42, Skill 32, Skill 25"
949,Elizabeth Silva,"Skill 49, Skill 7, Skill 37, Skill 44"
950,Alexandra Knapp,"Skill 51, Skill 18, Skill 43, Skill 22, Skill 33"
951,John Maynard,"Skill 34, Skill 63"
952,Michael Mckay,"Skill 93, Skill 72, Skill 79, Skill 17"
953,Connie Wang,"Skill 88, Skill 22, Skill 14, Skill 67"
954,Alexander Richardson,"Skill 36, Skill 52"
955,Luke Farmer,"Skill 1, Skill 97, Skill 89, Skill 82, Skill 81"
956,William Warren,"Skill 11, Skill 90"
957,Andrea Padilla,"Skill 3, Skill 21, Skill 10, Skill 77, Skill 20"
958,Brenda Jones,"Skill 87, Skill 57, Skill 84, Skill 44"
959,Sean Dean,"Skill 12, Skill 93, Skill 17, Skill 19, Skill 68"
960,Marc King,"Skill 72, Skill 25, Skill 91, Skill 13, Skill 99"
961,Tammy Vasquez,"Skill 32, Skill 10"
962,Pamela Vargas,"Skill 21, Skill 30, Skill 70, Skill 62, Skill 56"
963,Jill Chase,"Skill 20, Skill 93, Skill 82, Skill 30"
964,Lawrence Morris,"Skill 20, Skill 48, Skill 70, Skill 15"
965,Laura Cervantes,"Skill 77, Skill 39, Skill 7, Skill 18"
966,Mark Berg,"Skill 9, Skill 62"
967,Jason Rivera,"Skill 34, Skill 39, Skill 79, Skill 90"
968,Roberto Johnson,"Skill 12, Skill 72, Skill 84, Skill 45"
969,Zachary Murray,"Skill 36, Skill 4, Skill 54, Skill 52, Skill 15"
970,Ryan Ortiz,"Skill 80, Skill 98, Skill 17, Skill 34, Skill 73, Skill 22"
971,Sandra Williams,Skill 15
972,Andrew Simon,"Skill 79, Skill 31, Skill 18, Skill 94, Skill 35"
973,Matthew Garcia,Skill 97
974,Todd Green,"Skill 54, Skill 19, Skill 24, Skill 20, Skill 67"
975,Laura Davis,"Skill 22, Skill 5, Skill 27"
976,James Beard,"Skill 88, Skill 51, Skill 73, Skill 91"
977,William Lee,Skill 39
978,Kathryn Roberts,"Skill 95, Skill 7"
979,Brent Romero,"Skill 3, Skill 95, Skill 92, Skill 70"
980,Ricardo Estrada,"Skill 49, Skill 92, Skill 93, Skill 85"
981,Ashley Harper,"Skill 33, Skill 48"
982,Sarah Ortiz,"Skill 8, Skill 39"
983,Scott Davis DDS,"Skill 76, Skill 37"
984,Michael Wright,"Skill 59, Skill 38, Skill 15"
985,Ryan Gonzalez,"Skill 49, Skill 12, Skill 51"
986,Diana Harris,"Skill 79, Skill 85, Skill 54, Skill 16, Skill 82, Skill 37"
987,Curtis Vincent,"Skill 69, Skill 86, Skill 18, Skill 83, Skill 32"
988,James Berry,Skill 18
989,Jason Vasquez,"Skill 49, Skill 96, Skill 50, Skill 66, Skill 94, Skill 32"
990,Ian Faulkner,"Skill 74, Skill 70, Skill 63"
991,Sandra Robertson,"Skill 59, Skill 80, Skill 54, Skill 11, Skill 91"
992,Jason Davis,"Skill 11, Skill 75, Skill 37"
993,Daniel Murray,Skill 42
994,John Rowe,"Skill 8, Skill 98, Skill 87"
995,Joanne Deleon,"Skill 80, Skill 20, Skill 48, Skill 50"
996,Rebecca Wise,"Skill 1, Skill 86, Skill 7, Skill 17, Skill 63"
997,David Williams,"Skill 58, Skill 67"
998,Benjamin Rodriguez,"Skill 51, Skill 95, Skill 7, Skill 17"
999,Brian Bond,"Skill 79, Skill 90, Skill 58, Skill 7, Skill 61, Skill 56"
1000,Jennifer Hendricks,"Skill 12, Skill 68, Skill 94, Skill 32, Skill 89, Skill 23"
