id,title,required_skills
1,"Surveyor, hydrographic","Skill 61, Skill 85, Skill 67, Skill 24"
2,"Designer, multimedia","Skill 69, Skill 75, Skill 2, Skill 88, Skill 27"
3,Speech and language therapist,"Skill 40, Skill 46, Skill 85"
4,"Research officer, trade union","Skill 50, Skill 85, Skill 60, Skill 16, Skill 99"
5,"Surveyor, rural practice",Skill 52
6,Paramedic,"Skill 28, Skill 15"
7,Clinical cytogeneticist,"Skill 59, Skill 4, Skill 15"
8,"Development worker, international aid","Skill 61, Skill 66, Skill 4, Skill 99"
9,Rural practice surveyor,"Skill 71, Skill 61"
10,Television production assistant,Skill 7
11,Herpetologist,Skill 50
12,"Journalist, broadcasting","Skill 9, Skill 30"
13,Insurance claims handler,"Skill 72, Skill 24, Skill 25, Skill 37, Skill 29"
14,Estate manager/land agent,"Skill 74, Skill 49, Skill 53, Skill 71"
15,Youth worker,Skill 95
16,Fish farm manager,"Skill 9, Skill 71, Skill 54, Skill 19"
17,Set designer,Skill 28
18,"Engineer, aeronautical","Skill 90, Skill 71, Skill 47, Skill 15, Skill 16, Skill 55"
19,Air traffic controller,Skill 18
20,"Scientist, marine","Skill 1, Skill 93, Skill 7, Skill 15"
21,Research scientist (maths),"Skill 85, Skill 79, Skill 10, Skill 4, Skill 88, Skill 8"
22,Public librarian,Skill 11
23,Web designer,"Skill 12, Skill 78, Skill 4, Skill 7, Skill 41"
24,"Therapist, sports","Skill 9, Skill 94, Skill 85"
25,Furniture designer,"Skill 49, Skill 12, Skill 18, Skill 61, Skill 92"
26,"Nurse, learning disability","Skill 28, Skill 64, Skill 27"
27,Civil Service fast streamer,"Skill 32, Skill 55"
28,Lobbyist,Skill 3
29,Dispensing optician,"Skill 83, Skill 48, Skill 15"
30,"Surveyor, minerals","Skill 9, Skill 80, Skill 6, Skill 19"
31,Network engineer,"Skill 91, Skill 4, Skill 30"
32,Telecommunications researcher,"Skill 36, Skill 77, Skill 34, Skill 74, Skill 23"
33,Market researcher,"Skill 77, Skill 36, Skill 54, Skill 32"
34,Counsellor,"Skill 98, Skill 95"
35,Housing manager/officer,"Skill 1, Skill 21, Skill 52, Skill 19, Skill 43, Skill 87"
36,"Education officer, environmental","Skill 40, Skill 61, Skill 43, Skill 30"
37,Pensions consultant,"Skill 9, Skill 22, Skill 75"
38,Stage manager,"Skill 3, Skill 79, Skill 41, Skill 56, Skill 35"
39,Research scientist (life sciences),"Skill 64, Skill 37"
40,Sales promotion account executive,"Skill 95, Skill 78, Skill 75, Skill 35"
41,Paramedic,"Skill 49, Skill 39, Skill 50, Skill 20, Skill 84"
42,Teaching laboratory technician,Skill 38
43,Bonds trader,"Skill 49, Skill 21, Skill 64, Skill 31"
44,Podiatrist,"Skill 28, Skill 36, Skill 6, Skill 88, Skill 27"
45,Insurance risk surveyor,"Skill 69, Skill 72, Skill 83, Skill 68, Skill 20, Skill 88"
46,"Surveyor, land/geomatics","Skill 93, Skill 18, Skill 63, Skill 84, Skill 32, Skill 33"
47,Airline pilot,Skill 30
48,Astronomer,"Skill 9, Skill 44"
49,"Designer, multimedia","Skill 51, Skill 64, Skill 65"
50,Licensed conveyancer,"Skill 93, Skill 79"
51,Biomedical scientist,"Skill 90, Skill 10, Skill 60, Skill 86, Skill 33"
52,Sales executive,"Skill 1, Skill 12, Skill 43"
53,Soil scientist,"Skill 96, Skill 33, Skill 15"
54,Trading standards officer,"Skill 97, Skill 86, Skill 18, Skill 73, Skill 8"
55,"Buyer, retail","Skill 69, Skill 21, Skill 6, Skill 60"
56,"Pilot, airline","Skill 21, Skill 37"
57,Veterinary surgeon,"Skill 40, Skill 65, Skill 35"
58,"Conservation officer, nature",Skill 89
59,Neurosurgeon,"Skill 45, Skill 55, Skill 35"
60,Systems developer,"Skill 17, Skill 19, Skill 16, Skill 55, Skill 37"
61,Warden/ranger,"Skill 46, Skill 10"
62,"Sound technician, broadcasting/film/video","Skill 72, Skill 14, Skill 87, Skill 27, Skill 37"
63,"Horticulturist, amenity","Skill 51, Skill 21, Skill 67"
64,"Copywriter, advertising","Skill 50, Skill 23"
65,Broadcast presenter,"Skill 12, Skill 18"
66,Orthoptist,"Skill 69, Skill 15, Skill 55"
67,Print production planner,"Skill 25, Skill 86, Skill 87"
68,Customer service manager,"Skill 49, Skill 17"
69,Museum/gallery conservator,"Skill 28, Skill 93, Skill 10, Skill 97, Skill 17, Skill 41"
70,Television/film/video producer,"Skill 22, Skill 14, Skill 70"
71,Editorial assistant,Skill 51
72,Dietitian,"Skill 54, Skill 52"
73,Publishing rights manager,"Skill 36, Skill 2, Skill 75"
74,Dispensing optician,"Skill 15, Skill 83, Skill 5, Skill 32, Skill 92"
75,Telecommunications researcher,Skill 96
76,Data scientist,Skill 41
77,Ceramics designer,"Skill 12, Skill 24"
78,"Programmer, multimedia",Skill 94
79,Statistician,"Skill 11, Skill 69, Skill 71, Skill 43, Skill 87"
80,"Development worker, community","Skill 40, Skill 64"
81,"Buyer, retail","Skill 7, Skill 62, Skill 23"
82,Chartered accountant,Skill 22
83,Media buyer,Skill 50
84,"Administrator, Civil Service","Skill 10, Skill 47, Skill 53, Skill 87, Skill 56, Skill 23"
85,Information officer,"Skill 12, Skill 85, Skill 90, Skill 76, Skill 65, Skill 23"
86,"Accountant, chartered public finance","Skill 9, Skill 66, Skill 96"
87,Dispensing optician,"Skill 77, Skill 18, Skill 37"
88,Petroleum engineer,"Skill 25, Skill 38, Skill 69, Skill 55"
89,"Engineer, site","Skill 51, Skill 75"
90,Stage manager,"Skill 49, Skill 36, Skill 47, Skill 7, Skill 24, Skill 81"
91,Financial trader,"Skill 50, Skill 52, Skill 23"
92,Applications developer,"Skill 25, Skill 69, Skill 20, Skill 81"
93,Medical physicist,"Skill 96, Skill 42, Skill 14, Skill 16, Skill 2, Skill 99"
94,"Psychologist, educational",Skill 34
95,Further education lecturer,"Skill 3, Skill 36, Skill 31, Skill 4, Skill 43, Skill 35"
96,"Production designer, theatre/television/film","Skill 36, Skill 51, Skill 21, Skill 33"
97,"Research officer, trade union","Skill 47, Skill 76, Skill 27"
98,Health visitor,Skill 57
99,Research scientist (medical),"Skill 5, Skill 80, Skill 95, Skill 56"
100,Volunteer coordinator,"Skill 49, Skill 1, Skill 9, Skill 95, Skill 13"
101,Set designer,"Skill 25, Skill 51, Skill 29"
102,Housing manager/officer,"Skill 1, Skill 79, Skill 47, Skill 94, Skill 23"
103,Geophysical data processor,"Skill 5, Skill 21, Skill 53, Skill 50"
104,Tour manager,"Skill 85, Skill 44, Skill 25, Skill 32, Skill 88"
105,"Surveyor, hydrographic","Skill 3, Skill 68, Skill 43, Skill 78"
106,Information systems manager,"Skill 42, Skill 54, Skill 83, Skill 20, Skill 32"
107,Sports administrator,"Skill 68, Skill 38"
108,Paediatric nurse,Skill 75
109,Restaurant manager,"Skill 12, Skill 20, Skill 13"
110,Bookseller,Skill 66
111,"Conservation officer, nature","Skill 8, Skill 50"
112,"Nurse, learning disability","Skill 87, Skill 7, Skill 14, Skill 19"
113,Data scientist,"Skill 47, Skill 64, Skill 29"
114,Cartographer,Skill 43
115,Research scientist (medical),"Skill 72, Skill 58, Skill 48, Skill 82, Skill 99"
116,Acupuncturist,"Skill 3, Skill 66, Skill 71, Skill 76, Skill 52"
117,Computer games developer,"Skill 51, Skill 4, Skill 65, Skill 73"
118,"Scientist, research (physical sciences)","Skill 92, Skill 57, Skill 7"
119,"Engineer, electrical",Skill 29
120,Insurance risk surveyor,Skill 5
121,Agricultural engineer,"Skill 80, Skill 57, Skill 7, Skill 18, Skill 52, Skill 16"
122,Forest/woodland manager,"Skill 40, Skill 73, Skill 30"
123,Chiropodist,"Skill 28, Skill 79, Skill 99, Skill 89"
124,"Therapist, horticultural","Skill 1, Skill 32, Skill 31"
125,Chief Financial Officer,"Skill 21, Skill 85, Skill 54, Skill 8, Skill 82"
126,Television production assistant,"Skill 28, Skill 31, Skill 2, Skill 20, Skill 88"
127,Interpreter,"Skill 16, Skill 45"
128,"Accountant, chartered certified",Skill 95
129,Contracting civil engineer,"Skill 96, Skill 66, Skill 90, Skill 29, Skill 99"
130,Land,"Skill 45, Skill 62"
131,Control and instrumentation engineer,Skill 84
132,Leisure centre manager,"Skill 42, Skill 28, Skill 47, Skill 29, Skill 68, Skill 81"
133,Airline pilot,"Skill 69, Skill 14, Skill 19, Skill 84, Skill 95, Skill 82"
134,Biomedical scientist,"Skill 51, Skill 77, Skill 7, Skill 70, Skill 89"
135,Special educational needs teacher,"Skill 8, Skill 37"
136,Youth worker,"Skill 46, Skill 79, Skill 66, Skill 85, Skill 92"
137,"Lecturer, further education","Skill 8, Skill 61, Skill 70, Skill 31"
138,Print production planner,"Skill 71, Skill 45, Skill 56"
139,Pharmacologist,"Skill 93, Skill 23"
140,Health visitor,"Skill 49, Skill 97, Skill 57"
141,Emergency planning/management officer,"Skill 63, Skill 83, Skill 81"
142,Cytogeneticist,"Skill 39, Skill 78, Skill 97, Skill 76, Skill 48"
143,Music therapist,"Skill 86, Skill 32, Skill 90"
144,Geographical information systems officer,"Skill 3, Skill 12, Skill 93, Skill 65, Skill 56"
145,Insurance underwriter,"Skill 27, Skill 65, Skill 62"
146,Exhibition designer,"Skill 96, Skill 28"
147,Tourism officer,"Skill 42, Skill 95, Skill 75, Skill 44"
148,Accounting technician,Skill 89
149,Pharmacologist,"Skill 63, Skill 39, Skill 73"
150,Gaffer,"Skill 96, Skill 9, Skill 47, Skill 74, Skill 22"
151,"Copywriter, advertising","Skill 38, Skill 51, Skill 43, Skill 75"
152,Intelligence analyst,"Skill 85, Skill 9, Skill 83, Skill 84, Skill 41"
153,Production manager,"Skill 74, Skill 83, Skill 72"
154,Medical sales representative,"Skill 49, Skill 47, Skill 7"
155,"Designer, ceramics/pottery","Skill 90, Skill 47, Skill 94, Skill 11, Skill 33"
156,"Research officer, government",Skill 37
157,"Programmer, multimedia","Skill 8, Skill 78, Skill 41, Skill 15"
158,"Surveyor, planning and development",Skill 45
159,IT trainer,"Skill 10, Skill 15, Skill 19, Skill 41, Skill 37"
160,Audiological scientist,"Skill 34, Skill 12, Skill 63, Skill 24"
161,Barrister's clerk,"Skill 59, Skill 76, Skill 5, Skill 53, Skill 73, Skill 11"
162,"Surveyor, rural practice","Skill 88, Skill 18, Skill 92, Skill 14"
163,Set designer,"Skill 71, Skill 66, Skill 52, Skill 89"
164,"Scientist, research (maths)","Skill 44, Skill 76, Skill 15, Skill 24, Skill 37"
165,Tax inspector,"Skill 26, Skill 78, Skill 62"
166,Podiatrist,"Skill 9, Skill 39, Skill 58, Skill 35"
167,"Surveyor, commercial/residential",Skill 37
168,Homeopath,"Skill 78, Skill 84, Skill 10, Skill 67"
169,Adult nurse,"Skill 7, Skill 90"
170,"Surveyor, mining",Skill 27
171,"Engineer, site","Skill 8, Skill 47"
172,"Programmer, multimedia","Skill 79, Skill 47, Skill 5, Skill 68, Skill 13"
173,"Administrator, sports","Skill 3, Skill 58"
174,"Surveyor, building control","Skill 89, Skill 35"
175,Biomedical scientist,"Skill 39, Skill 4"
176,Aeronautical engineer,"Skill 37, Skill 73"
177,Corporate treasurer,"Skill 78, Skill 27, Skill 89"
178,Mudlogger,"Skill 16, Skill 48, Skill 73"
179,"Engineer, water","Skill 71, Skill 83, Skill 89, Skill 95, Skill 92, Skill 56"
180,Youth worker,Skill 85
181,"Geologist, wellsite",Skill 8
182,"Civil engineer, contracting","Skill 59, Skill 51, Skill 2, Skill 20, Skill 73, Skill 92"
183,Legal executive,"Skill 28, Skill 18, Skill 75, Skill 65, Skill 35"
184,Production manager,"Skill 44, Skill 47, Skill 75, Skill 63, Skill 27, Skill 35"
185,Higher education careers adviser,"Skill 69, Skill 55"
186,Podiatrist,"Skill 59, Skill 96, Skill 60"
187,Quantity surveyor,Skill 95
188,"Engineer, automotive","Skill 69, Skill 93, Skill 90, Skill 52, Skill 48, Skill 32"
189,"Lecturer, further education","Skill 97, Skill 98, Skill 14, Skill 52, Skill 32"
190,Event organiser,"Skill 63, Skill 12, Skill 35"
191,"Exhibitions officer, museum/gallery","Skill 24, Skill 68, Skill 2, Skill 48, Skill 13"
192,Clinical molecular geneticist,"Skill 8, Skill 16, Skill 47"
193,Proofreader,"Skill 1, Skill 39, Skill 34, Skill 91, Skill 67"
194,Training and development officer,Skill 42
195,Public house manager,Skill 5
196,Diagnostic radiographer,"Skill 85, Skill 84, Skill 4"
197,Health and safety adviser,Skill 80
198,"Surveyor, insurance","Skill 69, Skill 66, Skill 33, Skill 30"
199,Systems analyst,Skill 7
200,Ergonomist,"Skill 88, Skill 58, Skill 18, Skill 55"
201,"Psychologist, occupational","Skill 3, Skill 69"
202,Scientific laboratory technician,"Skill 39, Skill 36, Skill 31"
203,"Teacher, special educational needs",Skill 56
204,"Buyer, industrial","Skill 75, Skill 68, Skill 65, Skill 61, Skill 27"
205,Health and safety inspector,"Skill 20, Skill 14"
206,"Scientist, biomedical","Skill 80, Skill 21, Skill 58, Skill 26, Skill 62"
207,Occupational therapist,"Skill 36, Skill 10, Skill 90, Skill 18, Skill 43, Skill 13"
208,Health and safety adviser,"Skill 2, Skill 26"
209,"Education officer, museum","Skill 97, Skill 50, Skill 60, Skill 29"
210,Museum/gallery curator,"Skill 79, Skill 77, Skill 84, Skill 65, Skill 22, Skill 23"
211,"Administrator, arts","Skill 66, Skill 70, Skill 18, Skill 19, Skill 35"
212,Learning disability nurse,"Skill 25, Skill 97, Skill 95, Skill 90"
213,"Scientist, research (physical sciences)",Skill 68
214,Barista,"Skill 48, Skill 31"
215,Accounting technician,"Skill 59, Skill 6, Skill 45, Skill 16, Skill 37"
216,Research scientist (life sciences),"Skill 94, Skill 64, Skill 27, Skill 54"
217,Warden/ranger,"Skill 63, Skill 29"
218,"Psychologist, clinical","Skill 86, Skill 82, Skill 56"
219,Museum education officer,Skill 87
220,Trading standards officer,"Skill 2, Skill 24"
221,Industrial buyer,"Skill 3, Skill 5, Skill 47, Skill 30"
222,Bookseller,Skill 87
223,"Merchandiser, retail","Skill 57, Skill 53, Skill 60, Skill 24"
224,Herpetologist,"Skill 79, Skill 2, Skill 92"
225,Oncologist,"Skill 98, Skill 78, Skill 56, Skill 44"
226,Tax inspector,"Skill 36, Skill 47, Skill 52, Skill 2, Skill 22"
227,"Production assistant, television","Skill 10, Skill 7, Skill 75, Skill 84, Skill 89, Skill 35"
228,Claims inspector/assessor,Skill 29
229,Neurosurgeon,"Skill 60, Skill 43, Skill 82, Skill 37, Skill 99"
230,Video editor,"Skill 88, Skill 94"
231,"Surveyor, building","Skill 71, Skill 56"
232,Ecologist,"Skill 59, Skill 56"
233,Heritage manager,"Skill 83, Skill 4, Skill 23, Skill 29"
234,Psychotherapist,Skill 95
235,Pharmacologist,Skill 81
236,Claims inspector/assessor,"Skill 83, Skill 59"
237,Homeopath,"Skill 96, Skill 46, Skill 98, Skill 14, Skill 5, Skill 29"
238,Dealer,"Skill 28, Skill 92, Skill 99"
239,Magazine features editor,"Skill 36, Skill 77, Skill 55, Skill 88, Skill 67, Skill 35"
240,Ambulance person,"Skill 88, Skill 36, Skill 7"
241,Surgeon,Skill 25
242,Agricultural engineer,"Skill 37, Skill 75, Skill 67"
243,Therapeutic radiographer,"Skill 58, Skill 24, Skill 83, Skill 91, Skill 56"
244,Tax adviser,Skill 39
245,Software engineer,"Skill 1, Skill 61, Skill 53, Skill 62"
246,Television floor manager,"Skill 88, Skill 51"
247,Environmental manager,Skill 9
248,"Therapist, drama","Skill 46, Skill 7, Skill 33, Skill 54"
249,Oceanographer,"Skill 86, Skill 33, Skill 7, Skill 73"
250,"Engineer, drilling","Skill 63, Skill 51, Skill 93"
251,Careers information officer,"Skill 42, Skill 57, Skill 2, Skill 91, Skill 33, Skill 92"
252,Health and safety inspector,"Skill 83, Skill 17"
253,Sports coach,Skill 66
254,Cytogeneticist,"Skill 22, Skill 11, Skill 10"
255,Risk manager,"Skill 26, Skill 32, Skill 64"
256,Insurance underwriter,"Skill 12, Skill 21, Skill 15, Skill 30"
257,Best boy,"Skill 85, Skill 77, Skill 83, Skill 5, Skill 22, Skill 74"
258,"Accountant, chartered public finance","Skill 16, Skill 87, Skill 14"
259,Medical physicist,"Skill 57, Skill 45"
260,Tour manager,"Skill 88, Skill 2, Skill 8"
261,Clothing/textile technologist,"Skill 40, Skill 66, Skill 56"
262,Patent examiner,"Skill 39, Skill 92, Skill 60"
263,Geophysicist/field seismologist,"Skill 22, Skill 1, Skill 62"
264,Chief Marketing Officer,"Skill 83, Skill 18"
265,"Designer, jewellery","Skill 47, Skill 7, Skill 25, Skill 61, Skill 99"
266,English as a second language teacher,"Skill 79, Skill 44"
267,Quantity surveyor,"Skill 3, Skill 90, Skill 7, Skill 70, Skill 54, Skill 81"
268,Metallurgist,"Skill 77, Skill 19, Skill 99"
269,Haematologist,"Skill 96, Skill 36, Skill 86, Skill 77, Skill 62"
270,Barrister,"Skill 9, Skill 26, Skill 73, Skill 61, Skill 27"
271,"Sales professional, IT","Skill 39, Skill 95, Skill 50, Skill 87"
272,"Engineer, petroleum","Skill 20, Skill 79"
273,Education administrator,"Skill 39, Skill 7, Skill 41, Skill 31"
274,Building control surveyor,Skill 99
275,Editorial assistant,"Skill 96, Skill 89"
276,Commercial art gallery manager,"Skill 3, Skill 47, Skill 54, Skill 26"
277,Drilling engineer,"Skill 34, Skill 72"
278,Counsellor,"Skill 59, Skill 80, Skill 89"
279,IT trainer,"Skill 96, Skill 85, Skill 76"
280,Electronics engineer,Skill 93
281,Legal secretary,"Skill 97, Skill 92, Skill 27"
282,"Engineer, civil (consulting)","Skill 16, Skill 11, Skill 28, Skill 47"
283,Logistics and distribution manager,Skill 82
284,Immunologist,Skill 13
285,Insurance account manager,Skill 18
286,Leisure centre manager,"Skill 57, Skill 20"
287,Graphic designer,Skill 72
288,Energy engineer,"Skill 42, Skill 28, Skill 79, Skill 6, Skill 14, Skill 87"
289,Chartered public finance accountant,"Skill 51, Skill 71, Skill 5, Skill 48, Skill 81"
290,Dispensing optician,"Skill 58, Skill 52, Skill 17, Skill 68, Skill 2"
291,"Engineer, land","Skill 20, Skill 76, Skill 29, Skill 81"
292,Clinical psychologist,"Skill 12, Skill 77, Skill 40, Skill 64, Skill 27, Skill 35"
293,"Programme researcher, broadcasting/film/video",Skill 6
294,Museum/gallery exhibitions officer,"Skill 59, Skill 61"
295,IT sales professional,"Skill 51, Skill 85, Skill 13, Skill 74, Skill 37"
296,"Programme researcher, broadcasting/film/video","Skill 50, Skill 2, Skill 13, Skill 20"
297,Chief Operating Officer,"Skill 96, Skill 70"
298,Contractor,"Skill 7, Skill 18, Skill 33, Skill 27, Skill 13"
299,Television camera operator,"Skill 85, Skill 13"
300,Commercial art gallery manager,Skill 11
301,"Administrator, sports",Skill 33
302,Printmaker,"Skill 83, Skill 42, Skill 57"
303,Economist,"Skill 3, Skill 1, Skill 4, Skill 30, Skill 9, Skill 17"
304,Petroleum engineer,Skill 21
305,Technical author,"Skill 9, Skill 98, Skill 14, Skill 99"
306,Corporate treasurer,"Skill 5, Skill 65, Skill 73"
307,Research scientist (physical sciences),"Skill 46, Skill 15, Skill 16, Skill 73, Skill 82"
308,Soil scientist,Skill 20
309,Accommodation manager,Skill 67
310,Pathologist,"Skill 71, Skill 28, Skill 90"
311,Museum/gallery exhibitions officer,Skill 26
312,Retail merchandiser,"Skill 96, Skill 10"
313,Furniture conservator/restorer,"Skill 60, Skill 71, Skill 6, Skill 24, Skill 43"
314,"Teacher, primary school","Skill 36, Skill 90, Skill 31, Skill 76, Skill 33, Skill 29"
315,"Psychologist, clinical",Skill 3
316,Industrial/product designer,"Skill 69, Skill 93, Skill 81"
317,Horticultural consultant,"Skill 3, Skill 57, Skill 6, Skill 2, Skill 91, Skill 29"
318,Building control surveyor,Skill 29
319,Tour manager,"Skill 83, Skill 2, Skill 58, Skill 81"
320,Fashion designer,"Skill 86, Skill 46"
321,Clinical embryologist,"Skill 21, Skill 85, Skill 79, Skill 16, Skill 41, Skill 74"
322,Architect,"Skill 49, Skill 39, Skill 46, Skill 85, Skill 54, Skill 20"
323,Aid worker,Skill 57
324,"Producer, radio","Skill 86, Skill 98, Skill 62"
325,"Teacher, primary school","Skill 69, Skill 46, Skill 7, Skill 15, Skill 17, Skill 64"
326,Secondary school teacher,Skill 96
327,Transport planner,"Skill 20, Skill 67"
328,Radiation protection practitioner,"Skill 50, Skill 83, Skill 65, Skill 62, Skill 33"
329,Homeopath,"Skill 80, Skill 50, Skill 52, Skill 94, Skill 22, Skill 56"
330,"Scientist, product/process development","Skill 57, Skill 58, Skill 63, Skill 22, Skill 37, Skill 81"
331,"Presenter, broadcasting",Skill 81
332,Pathologist,"Skill 50, Skill 38, Skill 18, Skill 25, Skill 48, Skill 55"
333,"Doctor, general practice","Skill 79, Skill 18, Skill 99"
334,Amenity horticulturist,Skill 54
335,Glass blower/designer,"Skill 46, Skill 2, Skill 95, Skill 45"
336,Plant breeder/geneticist,"Skill 49, Skill 60, Skill 81"
337,"Designer, blown glass/stained glass",Skill 95
338,"Scientist, marine","Skill 88, Skill 60, Skill 13"
339,Educational psychologist,"Skill 46, Skill 9, Skill 45, Skill 84, Skill 87, Skill 95"
340,Medical sales representative,Skill 53
341,"Engineer, civil (contracting)","Skill 98, Skill 17, Skill 20, Skill 43, Skill 22"
342,Emergency planning/management officer,"Skill 25, Skill 67"
343,Retail manager,"Skill 8, Skill 50"
344,Health physicist,"Skill 77, Skill 16, Skill 68, Skill 2, Skill 41, Skill 27"
345,"Designer, jewellery","Skill 88, Skill 45, Skill 13"
346,Financial risk analyst,Skill 35
347,Clinical cytogeneticist,"Skill 41, Skill 27, Skill 73"
348,Diagnostic radiographer,"Skill 36, Skill 93, Skill 74"
349,Soil scientist,"Skill 47, Skill 27, Skill 30"
350,Financial trader,"Skill 3, Skill 26, Skill 90"
351,"Administrator, local government","Skill 8, Skill 52, Skill 15, Skill 59"
352,Mechanical engineer,"Skill 91, Skill 39, Skill 62, Skill 44"
353,"Engineer, electrical",Skill 55
354,Industrial buyer,Skill 23
355,"Teacher, primary school","Skill 60, Skill 30, Skill 38, Skill 57, Skill 65, Skill 73"
356,Diagnostic radiographer,"Skill 1, Skill 31, Skill 82, Skill 68, Skill 92"
357,"Accountant, chartered public finance","Skill 39, Skill 76, Skill 56, Skill 23"
358,Music tutor,"Skill 79, Skill 45, Skill 16, Skill 48, Skill 8"
359,Water quality scientist,"Skill 96, Skill 3, Skill 57, Skill 24, Skill 62"
360,"Doctor, hospital","Skill 8, Skill 86"
361,"Engineer, chemical",Skill 45
362,Ship broker,"Skill 87, Skill 7, Skill 44"
363,Transport planner,"Skill 96, Skill 97, Skill 7"
364,"Designer, exhibition/display","Skill 59, Skill 4"
365,Counselling psychologist,"Skill 22, Skill 86, Skill 37, Skill 89"
366,Theme park manager,Skill 40
367,Speech and language therapist,Skill 38
368,"Merchandiser, retail","Skill 78, Skill 44, Skill 57, Skill 58, Skill 15"
369,"Librarian, academic","Skill 50, Skill 77, Skill 47, Skill 45, Skill 83, Skill 48"
370,Artist,"Skill 8, Skill 10, Skill 92, Skill 70"
371,Water quality scientist,"Skill 1, Skill 86, Skill 40, Skill 32, Skill 11, Skill 33"
372,Chief Executive Officer,"Skill 5, Skill 58, Skill 17"
373,Oncologist,"Skill 83, Skill 21, Skill 15, Skill 74"
374,Teaching laboratory technician,"Skill 38, Skill 24, Skill 2, Skill 65, Skill 92"
375,Television production assistant,"Skill 68, Skill 87, Skill 85, Skill 24"
376,Software engineer,"Skill 50, Skill 72, Skill 36, Skill 62, Skill 87, Skill 13"
377,Glass blower/designer,"Skill 91, Skill 72, Skill 54, Skill 48"
378,"Geologist, wellsite",Skill 39
379,Call centre manager,"Skill 38, Skill 87"
380,"Secretary, company","Skill 59, Skill 16, Skill 50, Skill 45"
381,"Designer, television/film set","Skill 65, Skill 78, Skill 44"
382,"Scientist, audiological","Skill 77, Skill 87, Skill 95, Skill 1"
383,"Secretary, company",Skill 5
384,"Engineer, land","Skill 9, Skill 86, Skill 68, Skill 43, Skill 22"
385,Adult guidance worker,"Skill 49, Skill 36, Skill 10, Skill 89, Skill 56, Skill 13"
386,Trade union research officer,"Skill 69, Skill 80, Skill 72, Skill 90, Skill 92"
387,Trade union research officer,Skill 93
388,Chiropodist,"Skill 98, Skill 26, Skill 73"
389,"Engineer, building services","Skill 3, Skill 1, Skill 53, Skill 11, Skill 82"
390,Community development worker,"Skill 83, Skill 43, Skill 65, Skill 55, Skill 23"
391,Public relations account executive,Skill 79
392,"Therapist, drama","Skill 80, Skill 85, Skill 19, Skill 34, Skill 99"
393,Occupational psychologist,"Skill 22, Skill 5, Skill 90, Skill 23"
394,Agricultural engineer,"Skill 5, Skill 85, Skill 82"
395,Photographer,"Skill 31, Skill 57, Skill 58, Skill 52, Skill 65"
396,Health service manager,"Skill 59, Skill 50, Skill 24, Skill 88, Skill 92"
397,Air traffic controller,Skill 94
398,Patent attorney,"Skill 21, Skill 46, Skill 78, Skill 25, Skill 64"
399,Chief Technology Officer,Skill 2
400,Software engineer,"Skill 14, Skill 34, Skill 55, Skill 73, Skill 56"
401,"Surveyor, building control","Skill 96, Skill 77, Skill 15, Skill 25, Skill 92"
402,"Engineer, drilling","Skill 10, Skill 57, Skill 76, Skill 17, Skill 16"
403,Theatre stage manager,"Skill 96, Skill 39, Skill 97, Skill 88, Skill 27"
404,Occupational therapist,"Skill 53, Skill 31"
405,"Nurse, mental health","Skill 42, Skill 97, Skill 47, Skill 53, Skill 26, Skill 56"
406,Archaeologist,"Skill 40, Skill 52, Skill 65, Skill 29"
407,Manufacturing systems engineer,Skill 74
408,"Designer, blown glass/stained glass",Skill 5
409,Paediatric nurse,"Skill 54, Skill 55"
410,Location manager,"Skill 83, Skill 62, Skill 22, Skill 23, Skill 99"
411,Market researcher,"Skill 49, Skill 59, Skill 34, Skill 84, Skill 87, Skill 37"
412,"Scientist, marine","Skill 22, Skill 91, Skill 57"
413,Dietitian,Skill 19
414,"Education officer, environmental","Skill 77, Skill 91, Skill 94, Skill 71"
415,Industrial/product designer,"Skill 38, Skill 31"
416,Merchant navy officer,"Skill 66, Skill 18, Skill 13, Skill 89, Skill 23"
417,English as a foreign language teacher,"Skill 21, Skill 86, Skill 16, Skill 53, Skill 27"
418,"Surveyor, hydrographic","Skill 22, Skill 48"
419,Lexicographer,"Skill 63, Skill 98, Skill 61, Skill 52"
420,Chief of Staff,"Skill 45, Skill 17, Skill 16, Skill 41, Skill 73, Skill 95"
421,"Engineer, electronics","Skill 57, Skill 15, Skill 48, Skill 88, Skill 82, Skill 37"
422,Broadcast presenter,"Skill 74, Skill 12, Skill 38, Skill 99"
423,Quality manager,"Skill 22, Skill 20"
424,Insurance risk surveyor,"Skill 25, Skill 39, Skill 79, Skill 48"
425,Speech and language therapist,"Skill 53, Skill 21, Skill 66, Skill 76"
426,"Scientist, clinical (histocompatibility and immunogenetics)",Skill 14
427,"Therapist, drama","Skill 30, Skill 19, Skill 16, Skill 67, Skill 29"
428,IT trainer,Skill 87
429,"Administrator, Civil Service","Skill 72, Skill 79, Skill 40, Skill 68, Skill 62"
430,Outdoor activities/education manager,"Skill 42, Skill 85, Skill 17"
431,Cabin crew,"Skill 85, Skill 14, Skill 19"
432,Diagnostic radiographer,"Skill 91, Skill 36, Skill 33, Skill 15"
433,Clinical research associate,Skill 89
434,Chief Operating Officer,"Skill 42, Skill 77, Skill 73, Skill 56, Skill 67"
435,"Producer, radio","Skill 49, Skill 1, Skill 3, Skill 23, Skill 29"
436,Recycling officer,"Skill 63, Skill 82"
437,Event organiser,"Skill 83, Skill 45, Skill 31, Skill 52"
438,Metallurgist,Skill 11
439,Publishing rights manager,"Skill 51, Skill 80, Skill 28, Skill 90, Skill 26, Skill 13"
440,Careers adviser,"Skill 16, Skill 44"
441,"Designer, ceramics/pottery","Skill 63, Skill 86, Skill 98, Skill 7"
442,Curator,Skill 8
443,"Doctor, hospital","Skill 92, Skill 76, Skill 54"
444,Speech and language therapist,"Skill 72, Skill 79, Skill 29"
445,"Accountant, chartered management","Skill 30, Skill 67, Skill 63, Skill 61, Skill 23"
446,Management consultant,"Skill 97, Skill 75, Skill 65, Skill 67"
447,Paediatric nurse,"Skill 39, Skill 72, Skill 10, Skill 78, Skill 31"
448,Special effects artist,Skill 77
449,Animator,"Skill 22, Skill 14"
450,"Designer, furniture","Skill 66, Skill 58"
451,Multimedia specialist,"Skill 72, Skill 94, Skill 33, Skill 41"
452,Dramatherapist,"Skill 49, Skill 72, Skill 86, Skill 34, Skill 74"
453,Arboriculturist,Skill 67
454,Marketing executive,"Skill 42, Skill 50, Skill 6, Skill 53, Skill 84"
455,Further education lecturer,"Skill 57, Skill 73"
456,Operations geologist,"Skill 93, Skill 14, Skill 92, Skill 56, Skill 81"
457,Clinical embryologist,"Skill 67, Skill 29"
458,Financial planner,Skill 81
459,Financial planner,Skill 70
460,Arts development officer,"Skill 69, Skill 48, Skill 73"
461,Fine artist,"Skill 40, Skill 98, Skill 64, Skill 78"
462,Adult nurse,"Skill 83, Skill 82"
463,Facilities manager,"Skill 26, Skill 62, Skill 74, Skill 92, Skill 35"
464,Barrister's clerk,Skill 14
465,Fish farm manager,"Skill 42, Skill 70, Skill 24, Skill 34, Skill 65, Skill 73"
466,Purchasing manager,"Skill 12, Skill 75"
467,Operations geologist,"Skill 71, Skill 28, Skill 73"
468,"Sales professional, IT","Skill 21, Skill 72, Skill 24, Skill 62, Skill 11"
469,Passenger transport manager,"Skill 12, Skill 47, Skill 89, Skill 82, Skill 13"
470,Equities trader,"Skill 83, Skill 61, Skill 34"
471,"Surveyor, building control",Skill 69
472,"Therapist, music","Skill 25, Skill 1, Skill 21"
473,Information systems manager,"Skill 3, Skill 97, Skill 70"
474,Podiatrist,Skill 18
475,Minerals surveyor,"Skill 59, Skill 10, Skill 2, Skill 8, Skill 67"
476,Fine artist,"Skill 38, Skill 94, Skill 82, Skill 65"
477,Facilities manager,"Skill 39, Skill 10, Skill 38, Skill 71, Skill 22"
478,Commercial art gallery manager,"Skill 72, Skill 64, Skill 99"
479,Holiday representative,"Skill 94, Skill 2, Skill 55, Skill 35"
480,Equality and diversity officer,"Skill 12, Skill 5, Skill 62, Skill 92, Skill 81"
481,Technical brewer,"Skill 56, Skill 30"
482,Hospital pharmacist,"Skill 22, Skill 50, Skill 53, Skill 23"
483,Clinical biochemist,Skill 1
484,Multimedia specialist,"Skill 74, Skill 12, Skill 71, Skill 28"
485,"Designer, ceramics/pottery",Skill 97
486,Diagnostic radiographer,"Skill 69, Skill 71, Skill 25, Skill 20, Skill 13"
487,"Engineer, materials","Skill 96, Skill 1, Skill 15, Skill 30"
488,"Surveyor, mining","Skill 80, Skill 40, Skill 48, Skill 8, Skill 81"
489,Fine artist,"Skill 3, Skill 38"
490,Armed forces training and education officer,Skill 73
491,Patent attorney,"Skill 66, Skill 65"
492,Print production planner,"Skill 34, Skill 2, Skill 53, Skill 13"
493,"Surveyor, insurance","Skill 10, Skill 55"
494,"Editor, magazine features","Skill 40, Skill 98, Skill 57, Skill 45"
495,"Buyer, industrial","Skill 25, Skill 2, Skill 55"
496,Arboriculturist,"Skill 67, Skill 55"
497,Museum/gallery exhibitions officer,"Skill 4, Skill 76, Skill 17, Skill 11, Skill 56, Skill 67"
498,IT trainer,"Skill 69, Skill 21, Skill 90, Skill 55"
499,Toxicologist,"Skill 51, Skill 46, Skill 21, Skill 16, Skill 81"
500,"Conservator, furniture","Skill 93, Skill 26, Skill 30"
501,"Social research officer, government","Skill 69, Skill 68, Skill 2, Skill 74, Skill 23"
502,Immunologist,"Skill 94, Skill 48, Skill 23"
503,"Civil engineer, contracting","Skill 51, Skill 47"
504,"Radiographer, therapeutic","Skill 42, Skill 91"
505,Local government officer,"Skill 77, Skill 53, Skill 75"
506,Private music teacher,"Skill 77, Skill 11, Skill 54"
507,Medical technical officer,Skill 5
508,Primary school teacher,"Skill 88, Skill 5"
509,Illustrator,"Skill 85, Skill 47, Skill 14, Skill 75, Skill 15"
510,Company secretary,"Skill 68, Skill 13"
511,"Radiographer, diagnostic",Skill 15
512,Mechanical engineer,"Skill 86, Skill 66"
513,"Designer, ceramics/pottery","Skill 28, Skill 65"
514,"Optician, dispensing","Skill 92, Skill 64"
515,"Designer, industrial/product","Skill 22, Skill 50, Skill 66, Skill 45"
516,Lawyer,Skill 88
517,Manufacturing engineer,"Skill 12, Skill 77, Skill 19, Skill 55, Skill 67"
518,Data processing manager,"Skill 20, Skill 85, Skill 17, Skill 35"
519,Probation officer,"Skill 88, Skill 94"
520,Research scientist (medical),"Skill 97, Skill 71, Skill 58, Skill 88, Skill 56"
521,Horticultural therapist,Skill 83
522,Publishing copy,Skill 18
523,"Designer, industrial/product","Skill 71, Skill 18"
524,Ranger/warden,"Skill 39, Skill 36, Skill 89"
525,Writer,"Skill 42, Skill 61, Skill 4, Skill 24"
526,IT trainer,"Skill 44, Skill 15, Skill 16, Skill 43, Skill 87, Skill 56"
527,Curator,"Skill 42, Skill 39"
528,Visual merchandiser,"Skill 98, Skill 45, Skill 55"
529,"Designer, industrial/product","Skill 47, Skill 73, Skill 24"
530,Research scientist (maths),"Skill 68, Skill 33, Skill 79, Skill 37"
531,Hospital pharmacist,Skill 57
532,Computer games developer,"Skill 34, Skill 58"
533,Magazine journalist,"Skill 75, Skill 18, Skill 52, Skill 68, Skill 11"
534,Patent examiner,"Skill 38, Skill 46, Skill 32"
535,Hydrologist,Skill 26
536,IT trainer,"Skill 1, Skill 51, Skill 93, Skill 43, Skill 32, Skill 91"
537,Prison officer,"Skill 71, Skill 2"
538,Advertising copywriter,"Skill 16, Skill 61, Skill 73, Skill 89"
539,Lobbyist,"Skill 69, Skill 42, Skill 71, Skill 94, Skill 35"
540,Minerals surveyor,"Skill 12, Skill 38, Skill 34, Skill 20, Skill 22, Skill 87"
541,Academic librarian,"Skill 21, Skill 70, Skill 40, Skill 16, Skill 33, Skill 29"
542,"Designer, fashion/clothing",Skill 84
543,"Pharmacist, hospital",Skill 65
544,Chief of Staff,"Skill 50, Skill 78, Skill 61, Skill 68, Skill 11"
545,"Designer, textile","Skill 16, Skill 21, Skill 92"
546,Site engineer,"Skill 28, Skill 85, Skill 90, Skill 4, Skill 57, Skill 13"
547,Electronics engineer,"Skill 59, Skill 42, Skill 45, Skill 40, Skill 95"
548,Advice worker,"Skill 9, Skill 77, Skill 64, Skill 59"
549,Field seismologist,"Skill 90, Skill 25, Skill 68, Skill 83, Skill 87"
550,Accommodation manager,Skill 77
551,Speech and language therapist,"Skill 34, Skill 95, Skill 25, Skill 15"
552,Building control surveyor,"Skill 10, Skill 19, Skill 20, Skill 48, Skill 22, Skill 27"
553,Scientific laboratory technician,"Skill 9, Skill 39, Skill 99"
554,"Therapist, speech and language","Skill 38, Skill 84"
555,Clothing/textile technologist,"Skill 51, Skill 79, Skill 38, Skill 19, Skill 32, Skill 13"
556,Applications developer,"Skill 49, Skill 18, Skill 15, Skill 34, Skill 23"
557,Teaching laboratory technician,"Skill 75, Skill 91, Skill 10"
558,"Doctor, general practice","Skill 26, Skill 37, Skill 31"
559,English as a foreign language teacher,"Skill 64, Skill 62, Skill 54"
560,Television floor manager,"Skill 28, Skill 58"
561,Insurance risk surveyor,"Skill 90, Skill 98, Skill 17, Skill 43, Skill 22, Skill 81"
562,Financial trader,"Skill 71, Skill 33"
563,Medical technical officer,Skill 64
564,"Engineer, mining","Skill 1, Skill 83, Skill 35, Skill 61, Skill 99"
565,"Buyer, industrial","Skill 87, Skill 52"
566,"Surveyor, commercial/residential","Skill 3, Skill 46, Skill 7"
567,"Psychologist, sport and exercise","Skill 39, Skill 41, Skill 62, Skill 91, Skill 33"
568,Public relations account executive,"Skill 83, Skill 51, Skill 7, Skill 37"
569,Herbalist,"Skill 69, Skill 36, Skill 72, Skill 86, Skill 88, Skill 29"
570,Chartered legal executive (England and Wales),"Skill 36, Skill 7, Skill 34, Skill 43, Skill 99"
571,"Journalist, newspaper","Skill 78, Skill 58, Skill 41, Skill 55, Skill 87"
572,"Surveyor, hydrographic","Skill 39, Skill 93, Skill 58, Skill 76, Skill 82"
573,"Presenter, broadcasting","Skill 42, Skill 79, Skill 4, Skill 38, Skill 18"
574,Occupational psychologist,"Skill 63, Skill 98, Skill 54, Skill 91"
575,Musician,"Skill 83, Skill 58, Skill 41"
576,"Lighting technician, broadcasting/film/video","Skill 38, Skill 36, Skill 54, Skill 62"
577,Bookseller,Skill 12
578,Prison officer,Skill 40
579,Herpetologist,Skill 50
580,Advertising account executive,"Skill 20, Skill 18, Skill 78, Skill 73"
581,Teaching laboratory technician,"Skill 9, Skill 11, Skill 72"
582,"Teacher, primary school",Skill 53
583,Technical sales engineer,"Skill 80, Skill 9, Skill 38, Skill 53, Skill 64"
584,Associate Professor,"Skill 25, Skill 84"
585,Educational psychologist,"Skill 76, Skill 43"
586,Counsellor,"Skill 49, Skill 86, Skill 68, Skill 95, Skill 23"
587,Wellsite geologist,"Skill 76, Skill 78"
588,Product designer,Skill 62
589,"Engineer, technical sales","Skill 50, Skill 90, Skill 30, Skill 84, Skill 88, Skill 33"
590,"Scientist, physiological",Skill 14
591,Glass blower/designer,"Skill 44, Skill 76, Skill 24, Skill 55, Skill 27"
592,Contracting civil engineer,"Skill 91, Skill 2, Skill 7, Skill 13"
593,Geographical information systems officer,"Skill 84, Skill 7, Skill 32, Skill 37"
594,Air cabin crew,"Skill 58, Skill 47, Skill 4, Skill 31"
595,Early years teacher,"Skill 71, Skill 58, Skill 6, Skill 70, Skill 40, Skill 22"
596,Health service manager,"Skill 5, Skill 11, Skill 19"
597,Field trials officer,"Skill 66, Skill 38, Skill 83, Skill 26, Skill 48, Skill 37"
598,"Optician, dispensing","Skill 28, Skill 50, Skill 38, Skill 14, Skill 16"
599,Interior and spatial designer,"Skill 3, Skill 87, Skill 9, Skill 71"
600,Scientific laboratory technician,"Skill 49, Skill 4, Skill 26, Skill 65, Skill 95, Skill 33"
601,Agricultural engineer,"Skill 25, Skill 34"
602,Fish farm manager,"Skill 39, Skill 85, Skill 9, Skill 19, Skill 83"
603,"Surveyor, land/geomatics",Skill 88
604,Probation officer,"Skill 85, Skill 78, Skill 4, Skill 40, Skill 53, Skill 92"
605,Medical sales representative,"Skill 85, Skill 60, Skill 9, Skill 75, Skill 43, Skill 33"
606,"Radiographer, diagnostic",Skill 42
607,Firefighter,"Skill 49, Skill 51, Skill 31, Skill 4, Skill 30"
608,"Nurse, children's","Skill 41, Skill 66, Skill 92, Skill 27"
609,Licensed conveyancer,Skill 7
610,Amenity horticulturist,"Skill 42, Skill 39, Skill 12, Skill 62, Skill 29"
611,Passenger transport manager,"Skill 90, Skill 47, Skill 41, Skill 44"
612,Theme park manager,"Skill 25, Skill 31, Skill 24"
613,Learning disability nurse,Skill 34
614,"Presenter, broadcasting","Skill 96, Skill 24, Skill 41, Skill 52"
615,Corporate investment banker,"Skill 1, Skill 31, Skill 6, Skill 45, Skill 24, Skill 2"
616,Legal executive,"Skill 1, Skill 72, Skill 36, Skill 31, Skill 68, Skill 89"
617,"Engineer, electronics",Skill 22
618,Insurance risk surveyor,"Skill 9, Skill 61, Skill 7"
619,Maintenance engineer,"Skill 44, Skill 71, Skill 14, Skill 95, Skill 35"
620,Retail buyer,"Skill 59, Skill 71, Skill 5, Skill 41, Skill 8"
621,Retail buyer,"Skill 13, Skill 60"
622,Hospital pharmacist,"Skill 83, Skill 52"
623,"Lecturer, further education","Skill 75, Skill 52, Skill 26, Skill 65, Skill 55, Skill 13"
624,"Teacher, English as a foreign language","Skill 49, Skill 51, Skill 78, Skill 9, Skill 57, Skill 24"
625,Broadcast engineer,"Skill 21, Skill 4, Skill 9, Skill 63, Skill 68, Skill 92"
626,"Education officer, community","Skill 41, Skill 31"
627,Purchasing manager,Skill 5
628,Trade mark attorney,"Skill 49, Skill 38, Skill 95, Skill 27"
629,Oceanographer,"Skill 98, Skill 52, Skill 17, Skill 40, Skill 94, Skill 35"
630,Public affairs consultant,"Skill 28, Skill 30, Skill 2, Skill 64, Skill 73, Skill 8"
631,Charity fundraiser,"Skill 1, Skill 16, Skill 66, Skill 45"
632,"Engineer, energy","Skill 63, Skill 93"
633,Research scientist (physical sciences),"Skill 59, Skill 90, Skill 30, Skill 45, Skill 41"
634,Sales promotion account executive,Skill 39
635,Rural practice surveyor,"Skill 51, Skill 33, Skill 76"
636,Television production assistant,"Skill 3, Skill 90"
637,Trading standards officer,Skill 92
638,"Civil engineer, consulting","Skill 58, Skill 65"
639,Medical physicist,"Skill 46, Skill 49, Skill 58"
640,Television camera operator,"Skill 44, Skill 54, Skill 34, Skill 68, Skill 43, Skill 67"
641,Clinical research associate,Skill 94
642,"Embryologist, clinical","Skill 85, Skill 83, Skill 5, Skill 74, Skill 87"
643,Arts development officer,"Skill 16, Skill 85, Skill 97"
644,Sports therapist,"Skill 12, Skill 54, Skill 75, Skill 35, Skill 37, Skill 81"
645,Financial risk analyst,"Skill 34, Skill 87, Skill 75, Skill 41"
646,"Administrator, local government","Skill 34, Skill 31"
647,"Engineer, civil (consulting)","Skill 15, Skill 25, Skill 62, Skill 91, Skill 33, Skill 67"
648,Ship broker,"Skill 35, Skill 81"
649,Paediatric nurse,"Skill 77, Skill 72, Skill 79, Skill 55"
650,Exhibition designer,"Skill 12, Skill 60, Skill 86, Skill 53, Skill 92, Skill 67"
651,Ergonomist,"Skill 63, Skill 53, Skill 45, Skill 56"
652,Exhibition designer,Skill 91
653,"Geologist, engineering","Skill 69, Skill 33, Skill 1, Skill 19"
654,Clinical embryologist,Skill 41
655,Event organiser,Skill 80
656,"Engineer, energy","Skill 97, Skill 71, Skill 48, Skill 43"
657,Publishing copy,Skill 75
658,Conference centre manager,Skill 6
659,"Conservation officer, nature","Skill 58, Skill 85"
660,Secondary school teacher,"Skill 80, Skill 75, Skill 37"
661,Solicitor,"Skill 42, Skill 72, Skill 90, Skill 97, Skill 52, Skill 41"
662,"Clinical scientist, histocompatibility and immunogenetics",Skill 40
663,Land/geomatics surveyor,"Skill 25, Skill 5"
664,Occupational therapist,"Skill 12, Skill 79, Skill 82"
665,IT consultant,"Skill 98, Skill 4"
666,Travel agency manager,Skill 7
667,"Engineer, control and instrumentation","Skill 40, Skill 95"
668,Brewing technologist,"Skill 25, Skill 57, Skill 92"
669,Public librarian,"Skill 28, Skill 60, Skill 58, Skill 18, Skill 19, Skill 92"
670,Conference centre manager,"Skill 6, Skill 56, Skill 30"
671,"Surveyor, insurance","Skill 8, Skill 82"
672,Interior and spatial designer,"Skill 9, Skill 50, Skill 66"
673,Solicitor,"Skill 83, Skill 2, Skill 15, Skill 20"
674,"Biochemist, clinical","Skill 51, Skill 6, Skill 52, Skill 43, Skill 64, Skill 65"
675,Politician's assistant,"Skill 19, Skill 25, Skill 43, Skill 48, Skill 82"
676,Air broker,"Skill 12, Skill 79, Skill 57, Skill 5, Skill 89"
677,Archivist,Skill 29
678,Trade union research officer,"Skill 28, Skill 58, Skill 34, Skill 20, Skill 64, Skill 82"
679,Diagnostic radiographer,"Skill 5, Skill 33"
680,"Solicitor, Scotland","Skill 39, Skill 50, Skill 19, Skill 16, Skill 32, Skill 82"
681,"Therapist, drama",Skill 87
682,Higher education careers adviser,"Skill 59, Skill 55"
683,Legal executive,"Skill 63, Skill 40"
684,"Engineer, agricultural",Skill 20
685,Arts administrator,Skill 14
686,"Lecturer, further education","Skill 28, Skill 72, Skill 6, Skill 45, Skill 20, Skill 56"
687,Dietitian,"Skill 50, Skill 93, Skill 58, Skill 53, Skill 32"
688,Land/geomatics surveyor,"Skill 22, Skill 43"
689,"Education officer, community","Skill 69, Skill 66, Skill 71, Skill 19, Skill 32, Skill 35"
690,Ranger/warden,"Skill 25, Skill 34, Skill 65"
691,Glass blower/designer,"Skill 65, Skill 13, Skill 60"
692,"Scientist, water quality","Skill 28, Skill 66, Skill 60, Skill 54, Skill 8"
693,Medical physicist,"Skill 96, Skill 80, Skill 60, Skill 52, Skill 55"
694,"Surveyor, building","Skill 98, Skill 57, Skill 23, Skill 71"
695,"Editor, commissioning","Skill 50, Skill 78"
696,"Therapist, nutritional","Skill 71, Skill 61, Skill 43, Skill 75"
697,Fine artist,"Skill 79, Skill 86, Skill 6, Skill 45, Skill 34"
698,Computer games developer,"Skill 15, Skill 58, Skill 73"
699,Mudlogger,"Skill 86, Skill 20, Skill 52, Skill 37"
700,Risk analyst,Skill 97
701,Maintenance engineer,"Skill 59, Skill 21, Skill 39, Skill 38, Skill 61"
702,Systems developer,"Skill 80, Skill 97, Skill 34, Skill 82, Skill 35"
703,"Nurse, adult","Skill 42, Skill 98, Skill 20"
704,Chartered management accountant,"Skill 59, Skill 79"
705,"Programmer, systems","Skill 85, Skill 31, Skill 45, Skill 2, Skill 92"
706,Newspaper journalist,"Skill 57, Skill 83, Skill 91, Skill 95, Skill 35"
707,Homeopath,"Skill 63, Skill 97, Skill 25"
708,Museum/gallery curator,"Skill 39, Skill 31, Skill 76, Skill 48, Skill 74"
709,Horticultural therapist,"Skill 49, Skill 42, Skill 30, Skill 6, Skill 84"
710,"Producer, radio","Skill 94, Skill 13, Skill 19"
711,Data scientist,"Skill 6, Skill 45"
712,Product/process development scientist,"Skill 28, Skill 46, Skill 90, Skill 74, Skill 33"
713,Physiotherapist,"Skill 40, Skill 36, Skill 59"
714,"Teacher, primary school","Skill 8, Skill 93, Skill 64, Skill 96"
715,Web designer,"Skill 34, Skill 82"
716,Police officer,"Skill 7, Skill 46, Skill 82, Skill 60"
717,"Teacher, English as a foreign language","Skill 12, Skill 50, Skill 90, Skill 24"
718,"Merchandiser, retail",Skill 38
719,Biomedical engineer,"Skill 38, Skill 93"
720,Passenger transport manager,"Skill 39, Skill 61, Skill 63, Skill 62, Skill 11, Skill 29"
721,Network engineer,Skill 55
722,"Designer, graphic","Skill 50, Skill 40, Skill 22, Skill 88, Skill 37"
723,Broadcast engineer,"Skill 39, Skill 57, Skill 17, Skill 48, Skill 37"
724,"Teacher, primary school","Skill 49, Skill 61, Skill 92"
725,Glass blower/designer,"Skill 72, Skill 44, Skill 75, Skill 19, Skill 65, Skill 88"
726,Veterinary surgeon,"Skill 79, Skill 15, Skill 34, Skill 68, Skill 63"
727,"Surveyor, quantity","Skill 44, Skill 75, Skill 20, Skill 65, Skill 37"
728,"Scientist, forensic",Skill 50
729,Sport and exercise psychologist,"Skill 42, Skill 38, Skill 47, Skill 18, Skill 62"
730,Musician,"Skill 50, Skill 6, Skill 7, Skill 40, Skill 84, Skill 61"
731,Podiatrist,"Skill 49, Skill 6, Skill 75, Skill 22, Skill 61"
732,"Accountant, chartered","Skill 50, Skill 79, Skill 77, Skill 34, Skill 27, Skill 13"
733,Chiropodist,"Skill 93, Skill 77, Skill 68, Skill 2, Skill 8, Skill 35"
734,Human resources officer,Skill 96
735,Print production planner,"Skill 16, Skill 95, Skill 53, Skill 41"
736,Technical brewer,Skill 58
737,Insurance risk surveyor,"Skill 25, Skill 96, Skill 27"
738,"Designer, industrial/product","Skill 90, Skill 6, Skill 20, Skill 89, Skill 27"
739,Academic librarian,"Skill 80, Skill 94, Skill 26, Skill 89, Skill 74"
740,"Loss adjuster, chartered","Skill 97, Skill 86, Skill 45, Skill 52, Skill 63"
741,Interior and spatial designer,Skill 71
742,Legal executive,"Skill 59, Skill 90, Skill 63, Skill 5, Skill 65"
743,Research scientist (life sciences),"Skill 60, Skill 30, Skill 26, Skill 73, Skill 82"
744,Mechanical engineer,Skill 55
745,Computer games developer,"Skill 50, Skill 60, Skill 5, Skill 94, Skill 26"
746,Academic librarian,"Skill 5, Skill 48, Skill 14"
747,"Surveyor, land/geomatics","Skill 66, Skill 86, Skill 76, Skill 11, Skill 37, Skill 91"
748,Computer games developer,"Skill 68, Skill 57, Skill 90, Skill 65"
749,Landscape architect,"Skill 90, Skill 10, Skill 47, Skill 53, Skill 43"
750,Special educational needs teacher,"Skill 42, Skill 98"
751,Accommodation manager,"Skill 59, Skill 58"
752,"Engineer, technical sales",Skill 31
753,Freight forwarder,"Skill 36, Skill 4, Skill 77, Skill 70, Skill 84, Skill 55"
754,"Engineer, civil (contracting)","Skill 39, Skill 36, Skill 50, Skill 98, Skill 18, Skill 11"
755,Animal nutritionist,Skill 51
756,Prison officer,Skill 16
757,Immunologist,"Skill 87, Skill 85, Skill 30"
758,"Designer, jewellery","Skill 83, Skill 75, Skill 99"
759,Operations geologist,Skill 20
760,"Teacher, primary school","Skill 97, Skill 75"
761,Armed forces logistics/support/administrative officer,"Skill 58, Skill 15, Skill 40, Skill 94, Skill 84"
762,Clinical research associate,"Skill 9, Skill 68, Skill 47"
763,Personnel officer,"Skill 45, Skill 41, Skill 6"
764,Research scientist (physical sciences),"Skill 51, Skill 5, Skill 41, Skill 87, Skill 99"
765,Hydrologist,"Skill 28, Skill 39, Skill 38, Skill 88, Skill 13"
766,Health visitor,"Skill 3, Skill 1, Skill 31"
767,Freight forwarder,Skill 80
768,"Pilot, airline","Skill 8, Skill 58, Skill 45, Skill 56"
769,Occupational therapist,Skill 88
770,Politician's assistant,"Skill 9, Skill 91, Skill 54, Skill 51"
771,Tourism officer,"Skill 34, Skill 38"
772,"Programmer, applications","Skill 59, Skill 21, Skill 80, Skill 40, Skill 73, Skill 91"
773,"Restaurant manager, fast food",Skill 38
774,Academic librarian,"Skill 57, Skill 7, Skill 45, Skill 54, Skill 70, Skill 65"
775,Outdoor activities/education manager,"Skill 51, Skill 57, Skill 70, Skill 88, Skill 92"
776,"Research officer, government","Skill 77, Skill 12, Skill 81"
777,Textile designer,"Skill 47, Skill 31, Skill 81"
778,Insurance risk surveyor,Skill 65
779,Brewing technologist,"Skill 49, Skill 42, Skill 38, Skill 41, Skill 8, Skill 91"
780,"Surveyor, rural practice","Skill 23, Skill 70, Skill 40, Skill 68, Skill 63, Skill 13"
781,Land,"Skill 97, Skill 26, Skill 77"
782,"Scientist, audiological","Skill 25, Skill 46, Skill 52"
783,"Conservation officer, historic buildings","Skill 7, Skill 87, Skill 82, Skill 19"
784,Retail manager,Skill 18
785,Paramedic,"Skill 42, Skill 71, Skill 18, Skill 20, Skill 27"
786,Market researcher,"Skill 21, Skill 46, Skill 10, Skill 57, Skill 64"
787,Interpreter,"Skill 49, Skill 3, Skill 98, Skill 63, Skill 13"
788,Dietitian,"Skill 1, Skill 6, Skill 91, Skill 92, Skill 56, Skill 67"
789,Barrister's clerk,"Skill 40, Skill 47, Skill 76, Skill 24"
790,Advertising account executive,"Skill 49, Skill 3, Skill 44, Skill 45, Skill 62"
791,"Scientist, research (life sciences)","Skill 97, Skill 47, Skill 68, Skill 26"
792,"Engineer, petroleum",Skill 55
793,Primary school teacher,"Skill 2, Skill 95, Skill 55"
794,Hospital doctor,"Skill 49, Skill 52"
795,Public librarian,"Skill 57, Skill 48, Skill 70, Skill 23"
796,TEFL teacher,"Skill 38, Skill 81, Skill 24, Skill 34, Skill 99"
797,"Therapist, sports","Skill 49, Skill 42, Skill 60, Skill 4, Skill 58, Skill 53"
798,Insurance account manager,"Skill 22, Skill 38, Skill 97, Skill 26"
799,Holiday representative,"Skill 12, Skill 21, Skill 19, Skill 82, Skill 27"
800,"Surveyor, insurance","Skill 1, Skill 51, Skill 21, Skill 13"
801,Curator,"Skill 39, Skill 4, Skill 19"
802,Health service manager,Skill 84
803,"Therapist, art","Skill 72, Skill 93, Skill 90, Skill 30, Skill 76, Skill 2"
804,"Designer, fashion/clothing",Skill 13
805,Best boy,"Skill 14, Skill 25, Skill 26, Skill 65, Skill 55, Skill 73"
806,Purchasing manager,"Skill 97, Skill 98, Skill 64, Skill 18"
807,Minerals surveyor,"Skill 82, Skill 67, Skill 43"
808,Marketing executive,"Skill 21, Skill 37"
809,Financial controller,"Skill 50, Skill 15"
810,Publishing rights manager,"Skill 17, Skill 11, Skill 15"
811,Theatre manager,"Skill 42, Skill 97, Skill 18, Skill 22, Skill 95"
812,Chief of Staff,"Skill 83, Skill 51, Skill 18"
813,Art gallery manager,"Skill 3, Skill 72, Skill 66, Skill 86, Skill 20, Skill 73"
814,Estate agent,"Skill 42, Skill 98"
815,"Scientist, research (medical)","Skill 85, Skill 86, Skill 67, Skill 17, Skill 92, Skill 37"
816,"Journalist, magazine","Skill 94, Skill 66, Skill 7"
817,"Administrator, charities/voluntary organisations","Skill 22, Skill 12, Skill 87, Skill 33"
818,Trading standards officer,"Skill 34, Skill 27"
819,Quantity surveyor,"Skill 63, Skill 47, Skill 90, Skill 24"
820,Cabin crew,"Skill 34, Skill 21"
821,Historic buildings inspector/conservation officer,"Skill 38, Skill 80, Skill 17"
822,"Investment banker, corporate","Skill 2, Skill 87, Skill 72, Skill 67"
823,Press photographer,"Skill 63, Skill 55"
824,Manufacturing engineer,"Skill 96, Skill 47, Skill 45"
825,"Producer, television/film/video","Skill 86, Skill 50, Skill 43, Skill 17"
826,"Biochemist, clinical","Skill 40, Skill 1, Skill 98, Skill 29"
827,"Buyer, retail","Skill 57, Skill 26, Skill 10, Skill 44"
828,Theatre director,"Skill 96, Skill 69, Skill 12, Skill 90, Skill 64"
829,Multimedia specialist,"Skill 1, Skill 72, Skill 90, Skill 40, Skill 99"
830,Animator,"Skill 80, Skill 72, Skill 30"
831,"Administrator, education","Skill 92, Skill 15"
832,"Therapist, nutritional","Skill 5, Skill 7"
833,"Conservation officer, historic buildings","Skill 20, Skill 61, Skill 58, Skill 19"
834,Film/video editor,"Skill 59, Skill 76, Skill 62, Skill 19"
835,Oceanographer,"Skill 70, Skill 43, Skill 73, Skill 87, Skill 13"
836,Risk analyst,"Skill 47, Skill 56, Skill 99, Skill 19"
837,"Development worker, international aid",Skill 32
838,"Engineer, site","Skill 61, Skill 58, Skill 62, Skill 99"
839,"Administrator, education","Skill 98, Skill 55"
840,Ecologist,"Skill 3, Skill 1, Skill 19, Skill 94, Skill 95"
841,Operations geologist,Skill 70
842,"Conservator, museum/gallery","Skill 10, Skill 83, Skill 94, Skill 62, Skill 81"
843,Homeopath,"Skill 9, Skill 36, Skill 78, Skill 55"
844,Veterinary surgeon,"Skill 69, Skill 10, Skill 7, Skill 94, Skill 27, Skill 37"
845,"Editor, commissioning","Skill 86, Skill 43, Skill 32"
846,Therapeutic radiographer,Skill 33
847,"Scientist, clinical (histocompatibility and immunogenetics)",Skill 95
848,Research scientist (life sciences),Skill 18
849,Financial risk analyst,"Skill 1, Skill 70, Skill 15, Skill 44"
850,"Scientist, clinical (histocompatibility and immunogenetics)","Skill 42, Skill 36, Skill 78, Skill 52, Skill 37, Skill 35"
851,"Production assistant, radio",Skill 73
852,Wellsite geologist,"Skill 80, Skill 78, Skill 44, Skill 62, Skill 74"
853,Claims inspector/assessor,"Skill 36, Skill 97, Skill 71, Skill 52, Skill 22"
854,Pension scheme manager,"Skill 96, Skill 1, Skill 14, Skill 65, Skill 92, Skill 37"
855,Armed forces training and education officer,Skill 83
856,Orthoptist,"Skill 63, Skill 39, Skill 85"
857,"Therapist, nutritional",Skill 95
858,Interpreter,"Skill 93, Skill 17, Skill 6"
859,Magazine features editor,"Skill 30, Skill 6, Skill 45, Skill 83, Skill 55, Skill 95"
860,Farm manager,"Skill 13, Skill 15"
861,Minerals surveyor,"Skill 49, Skill 16, Skill 28"
862,"Scientist, research (physical sciences)","Skill 86, Skill 42, Skill 92"
863,Geochemist,"Skill 69, Skill 62"
864,"Pilot, airline","Skill 21, Skill 50, Skill 32, Skill 8, Skill 87"
865,Chief of Staff,"Skill 86, Skill 95, Skill 68, Skill 35"
866,Counselling psychologist,"Skill 3, Skill 44, Skill 9, Skill 17, Skill 61"
867,Dramatherapist,Skill 20
868,Forensic psychologist,"Skill 21, Skill 72, Skill 24, Skill 26, Skill 92, Skill 29"
869,Conference centre manager,"Skill 18, Skill 62"
870,"Surveyor, insurance","Skill 74, Skill 84, Skill 52"
871,Building control surveyor,"Skill 10, Skill 71, Skill 15, Skill 25, Skill 43, Skill 92"
872,Writer,"Skill 91, Skill 61, Skill 98, Skill 78"
873,Chief Operating Officer,Skill 61
874,Public relations officer,"Skill 96, Skill 10, Skill 9, Skill 7, Skill 33, Skill 23"
875,Futures trader,"Skill 90, Skill 56"
876,Pathologist,"Skill 50, Skill 76, Skill 45, Skill 83, Skill 53, Skill 13"
877,Applications developer,"Skill 9, Skill 76, Skill 20, Skill 92, Skill 35"
878,"Doctor, hospital","Skill 34, Skill 22, Skill 2, Skill 30"
879,"Engineer, petroleum","Skill 96, Skill 31, Skill 47, Skill 63, Skill 92"
880,Exercise physiologist,"Skill 66, Skill 44"
881,"Conservation officer, historic buildings","Skill 97, Skill 11"
882,"Engineer, broadcasting (operations)","Skill 83, Skill 22, Skill 78, Skill 9"
883,Podiatrist,Skill 83
884,"Investment banker, operational",Skill 74
885,Operational researcher,"Skill 88, Skill 62, Skill 60"
886,"Teacher, special educational needs","Skill 79, Skill 37, Skill 62"
887,Personal assistant,"Skill 8, Skill 10, Skill 88, Skill 99"
888,"Investment banker, corporate","Skill 59, Skill 16"
889,Clinical biochemist,Skill 64
890,Art therapist,"Skill 30, Skill 70, Skill 63, Skill 83, Skill 2"
891,Archivist,"Skill 50, Skill 90, Skill 98, Skill 2, Skill 48, Skill 74"
892,Contracting civil engineer,"Skill 44, Skill 6, Skill 52, Skill 35, Skill 99"
893,Research scientist (life sciences),"Skill 42, Skill 84, Skill 27, Skill 4"
894,Fisheries officer,"Skill 72, Skill 97, Skill 20"
895,"Psychotherapist, child","Skill 86, Skill 91, Skill 18, Skill 19"
896,Contracting civil engineer,"Skill 56, Skill 37"
897,"Psychologist, forensic","Skill 72, Skill 98, Skill 6, Skill 64, Skill 92"
898,"Engineer, control and instrumentation","Skill 34, Skill 98"
899,"Administrator, arts","Skill 25, Skill 5"
900,"Engineer, mining",Skill 98
901,"Engineer, civil (contracting)","Skill 83, Skill 14"
902,Chief Executive Officer,"Skill 12, Skill 47, Skill 18, Skill 73, Skill 91"
903,Forensic scientist,"Skill 2, Skill 13"
904,Police officer,Skill 7
905,Arts development officer,"Skill 80, Skill 84, Skill 32, Skill 4"
906,"Presenter, broadcasting","Skill 40, Skill 11, Skill 51, Skill 91"
907,Retail buyer,"Skill 8, Skill 86, Skill 74, Skill 29"
908,Outdoor activities/education manager,"Skill 5, Skill 86, Skill 47"
909,Retail banker,"Skill 30, Skill 10, Skill 24"
910,Therapeutic radiographer,"Skill 79, Skill 45, Skill 14, Skill 52, Skill 34"
911,Health physicist,"Skill 70, Skill 76, Skill 27"
912,Sports administrator,"Skill 41, Skill 87, Skill 78"
913,Politician's assistant,"Skill 9, Skill 18, Skill 48, Skill 73, Skill 67"
914,"Therapist, sports","Skill 77, Skill 72, Skill 78, Skill 56"
915,Economist,Skill 1
916,Dispensing optician,"Skill 51, Skill 79, Skill 19"
917,Actor,Skill 29
918,Financial adviser,"Skill 48, Skill 52"
919,Environmental consultant,"Skill 96, Skill 72, Skill 26"
920,Information officer,Skill 66
921,Human resources officer,"Skill 63, Skill 36, Skill 19, Skill 8"
922,Research scientist (maths),"Skill 16, Skill 69, Skill 82, Skill 4"
923,Senior tax professional/tax inspector,"Skill 1, Skill 21, Skill 69, Skill 31, Skill 52"
924,Financial adviser,"Skill 51, Skill 4, Skill 47, Skill 70, Skill 24, Skill 61"
925,"Producer, television/film/video","Skill 67, Skill 18, Skill 17, Skill 73"
926,Purchasing manager,"Skill 88, Skill 97, Skill 94, Skill 4"
927,Speech and language therapist,"Skill 42, Skill 62"
928,Information systems manager,"Skill 8, Skill 27, Skill 81"
929,Child psychotherapist,"Skill 94, Skill 75"
930,Technical brewer,"Skill 9, Skill 65"
931,Marine scientist,"Skill 77, Skill 35, Skill 94, Skill 41, Skill 81"
932,Sports development officer,"Skill 96, Skill 37, Skill 71, Skill 40, Skill 41, Skill 23"
933,Call centre manager,"Skill 3, Skill 13"
934,"Teacher, adult education","Skill 63, Skill 72"
935,Hydrologist,"Skill 50, Skill 98, Skill 61"
936,"Horticulturist, commercial","Skill 4, Skill 97, Skill 5, Skill 26, Skill 8, Skill 92"
937,Textile designer,"Skill 86, Skill 54"
938,Fine artist,"Skill 49, Skill 4, Skill 98, Skill 43, Skill 89"
939,Air traffic controller,"Skill 11, Skill 31"
940,"Scientist, product/process development",Skill 76
941,Legal secretary,Skill 60
942,Company secretary,"Skill 96, Skill 55"
943,Senior tax professional/tax inspector,"Skill 69, Skill 39, Skill 30, Skill 7, Skill 15, Skill 65"
944,"Psychologist, prison and probation services","Skill 25, Skill 95, Skill 64, Skill 33"
945,"Surveyor, hydrographic",Skill 2
946,Senior tax professional/tax inspector,"Skill 57, Skill 98, Skill 45, Skill 99"
947,"Engineer, building services","Skill 21, Skill 39, Skill 51, Skill 95, Skill 56, Skill 35"
948,Interior and spatial designer,Skill 66
949,Adult nurse,"Skill 3, Skill 97, Skill 58, Skill 25, Skill 74, Skill 67"
950,Barista,Skill 56
951,"Radiographer, diagnostic","Skill 59, Skill 42, Skill 53, Skill 56"
952,Accounting technician,"Skill 83, Skill 14"
953,Television/film/video producer,"Skill 8, Skill 48, Skill 32, Skill 30"
954,Media buyer,"Skill 50, Skill 36, Skill 6, Skill 47, Skill 89"
955,Systems analyst,"Skill 39, Skill 6, Skill 14, Skill 2, Skill 20"
956,"Scientist, physiological","Skill 1, Skill 66, Skill 56, Skill 29"
957,"Education officer, community","Skill 14, Skill 72, Skill 18, Skill 33"
958,"Loss adjuster, chartered","Skill 58, Skill 43, Skill 56, Skill 82"
959,Architectural technologist,"Skill 39, Skill 85, Skill 71, Skill 41, Skill 92"
960,"Horticulturist, amenity","Skill 69, Skill 78, Skill 45, Skill 34, Skill 26"
961,Exhibition designer,"Skill 20, Skill 17"
962,Chief Financial Officer,"Skill 30, Skill 76, Skill 75, Skill 48, Skill 92"
963,Medical sales representative,"Skill 49, Skill 93, Skill 97, Skill 20, Skill 67, Skill 81"
964,"Accountant, chartered public finance",Skill 67
965,"Engineer, chemical","Skill 59, Skill 58, Skill 83, Skill 89, Skill 74"
966,"Sound technician, broadcasting/film/video","Skill 77, Skill 47, Skill 54, Skill 52, Skill 5, Skill 82"
967,Museum/gallery conservator,"Skill 8, Skill 77, Skill 46, Skill 99"
968,Company secretary,"Skill 92, Skill 70"
969,"Engineer, technical sales","Skill 53, Skill 78, Skill 13, Skill 81"
970,"Doctor, general practice","Skill 40, Skill 16, Skill 57, Skill 70"
971,"Conservation officer, historic buildings","Skill 64, Skill 65"
972,Chief Strategy Officer,"Skill 37, Skill 57, Skill 52, Skill 74, Skill 8, Skill 23"
973,Animator,"Skill 60, Skill 30, Skill 76, Skill 34, Skill 2, Skill 91"
974,IT technical support officer,Skill 80
975,Warehouse manager,"Skill 74, Skill 6, Skill 25, Skill 24"
976,Retail banker,Skill 71
977,Quarry manager,Skill 89
978,"Pharmacist, hospital","Skill 12, Skill 66, Skill 4, Skill 86, Skill 64, Skill 56"
979,"Surveyor, planning and development",Skill 67
980,"Pharmacist, hospital","Skill 50, Skill 39, Skill 7, Skill 2, Skill 11, Skill 99"
981,Astronomer,"Skill 49, Skill 3, Skill 14, Skill 64, Skill 27"
982,Food technologist,"Skill 26, Skill 90, Skill 60"
983,Automotive engineer,"Skill 4, Skill 57, Skill 15, Skill 63, Skill 94"
984,Trade union research officer,Skill 73
985,Race relations officer,Skill 40
986,Clinical psychologist,"Skill 50, Skill 10, Skill 71, Skill 34, Skill 27, Skill 37"
987,Adult guidance worker,"Skill 51, Skill 77, Skill 14, Skill 52, Skill 70, Skill 63"
988,Chartered public finance accountant,"Skill 16, Skill 92, Skill 43, Skill 67"
989,Technical author,Skill 19
990,Financial planner,"Skill 96, Skill 69, Skill 80, Skill 17, Skill 8"
991,Advertising copywriter,"Skill 49, Skill 31, Skill 86, Skill 71, Skill 83, Skill 82"
992,Fitness centre manager,"Skill 68, Skill 20, Skill 90"
993,"Surveyor, insurance","Skill 51, Skill 54, Skill 14, Skill 48"
994,Medical illustrator,"Skill 11, Skill 41, Skill 29"
995,"Solicitor, Scotland",Skill 39
996,Bonds trader,"Skill 96, Skill 69, Skill 76, Skill 99, Skill 81"
997,Materials engineer,"Skill 77, Skill 70, Skill 5, Skill 20, Skill 11, Skill 91"
998,Psychotherapist,"Skill 49, Skill 71, Skill 4, Skill 99"
999,Acupuncturist,"Skill 9, Skill 47, Skill 64, Skill 65, Skill 8, Skill 91"
1000,Electronics engineer,Skill 90
